id,quality
15000,5
15001,7
15002,5
15003,7
15004,6
15005,5
15006,7
15007,6
15008,5
15009,5
15010,5
15011,7
15012,5
15013,5
15014,5
15015,5
15016,6
15017,7
15018,5
15019,5
15020,7
15021,5
15022,7
15023,7
15024,6
15025,7
15026,5
15027,7
15028,5
15029,5
15030,7
15031,5
15032,6
15033,7
15034,5
15035,7
15036,7
15037,6
15038,7
15039,5
15040,5
15041,5
15042,7
15043,6
15044,5
15045,5
15046,7
15047,6
15048,5
15049,7
15050,6
15051,5
15052,5
15053,5
15054,5
15055,5
15056,7
15057,6
15058,5
15059,5
15060,5
15061,7
15062,6
15063,5
15064,6
15065,5
15066,5
15067,6
15068,5
15069,5
15070,5
15071,5
15072,7
15073,6
15074,6
15075,7
15076,7
15077,5
15078,7
15079,5
15080,6
15081,7
15082,6
15083,7
15084,7
15085,5
15086,7
15087,5
15088,7
15089,6
15090,5
15091,7
15092,5
15093,7
15094,5
15095,5
15096,5
15097,5
15098,5
15099,5
15100,5
15101,7
15102,5
15103,7
15104,5
15105,5
15106,6
15107,7
15108,5
15109,5
15110,7
15111,5
15112,5
15113,6
15114,5
15115,6
15116,7
15117,7
15118,5
15119,6
15120,5
15121,5
15122,7
15123,5
15124,5
15125,5
15126,5
15127,7
15128,5
15129,5
15130,5
15131,5
15132,5
15133,5
15134,6
15135,5
15136,5
15137,5
15138,5
15139,7
15140,5
15141,7
15142,5
15143,5
15144,5
15145,5
15146,5
15147,6
15148,6
15149,5
15150,7
15151,7
15152,5
15153,5
15154,7
15155,5
15156,5
15157,5
15158,6
15159,5
15160,5
15161,5
15162,6
15163,7
15164,5
15165,5
15166,5
15167,5
15168,5
15169,7
15170,5
15171,5
15172,6
15173,5
15174,5
15175,7
15176,6
15177,5
15178,5
15179,5
15180,5
15181,6
15182,5
15183,5
15184,6
15185,7
15186,5
15187,5
15188,5
15189,5
15190,5
15191,5
15192,6
15193,5
15194,6
15195,5
15196,5
15197,5
15198,5
15199,6
15200,5
15201,7
15202,7
15203,5
15204,5
15205,5
15206,6
15207,6
15208,6
15209,5
15210,5
15211,6
15212,5
15213,6
15214,6
15215,7
15216,6
15217,5
15218,5
15219,5
15220,6
15221,5
15222,5
15223,5
15224,5
15225,7
15226,7
15227,5
15228,5
15229,5
15230,5
15231,5
15232,5
15233,6
15234,5
15235,5
15236,7
15237,5
15238,5
15239,5
15240,7
15241,5
15242,5
15243,7
15244,7
15245,7
15246,7
15247,7
15248,5
15249,7
15250,7
15251,5
15252,7
15253,7
15254,5
15255,5
15256,7
15257,7
15258,5
15259,7
15260,7
15261,5
15262,7
15263,5
15264,6
15265,7
15266,6
15267,7
15268,6
15269,5
15270,6
15271,5
15272,5
15273,6
15274,7
15275,5
15276,7
15277,5
15278,5
15279,5
15280,5
15281,5
15282,5
15283,5
15284,6
15285,5
15286,5
15287,5
15288,7
15289,5
15290,6
15291,5
15292,5
15293,6
15294,6
15295,7
15296,5
15297,7
15298,5
15299,6
15300,5
15301,5
15302,5
15303,5
15304,5
15305,7
15306,7
15307,5
15308,6
15309,5
15310,6
15311,5
15312,7
15313,5
15314,5
15315,6
15316,5
15317,5
15318,7
15319,5
15320,5
15321,5
15322,6
15323,6
15324,5
15325,5
15326,5
15327,5
15328,7
15329,5
15330,5
15331,7
15332,6
15333,6
15334,7
15335,5
15336,5
15337,5
15338,7
15339,7
15340,5
15341,5
15342,7
15343,6
15344,7
15345,5
15346,5
15347,5
15348,5
15349,6
15350,6
15351,7
15352,5
15353,5
15354,7
15355,7
15356,5
15357,7
15358,6
15359,5
15360,5
15361,5
15362,5
15363,7
15364,6
15365,7
15366,6
15367,5
15368,6
15369,6
15370,5
15371,5
15372,5
15373,7
15374,5
15375,5
15376,6
15377,7
15378,7
15379,6
15380,5
15381,6
15382,5
15383,5
15384,6
15385,6
15386,7
15387,5
15388,5
15389,5
15390,5
15391,7
15392,5
15393,5
15394,6
15395,5
15396,5
15397,5
15398,7
15399,5
15400,5
15401,6
15402,5
15403,5
15404,5
15405,7
15406,5
15407,5
15408,6
15409,5
15410,5
15411,5
15412,6
15413,6
15414,5
15415,5
15416,7
15417,5
15418,6
15419,7
15420,5
15421,5
15422,5
15423,5
15424,5
15425,7
15426,5
15427,6
15428,6
15429,7
15430,6
15431,6
15432,5
15433,5
15434,5
15435,5
15436,5
15437,5
15438,5
15439,7
15440,5
15441,7
15442,7
15443,5
15444,5
15445,5
15446,7
15447,5
15448,7
15449,6
15450,6
15451,5
15452,6
15453,5
15454,5
15455,5
15456,5
15457,5
15458,5
15459,5
15460,5
15461,7
15462,6
15463,5
15464,6
15465,7
15466,5
15467,5
15468,5
15469,6
15470,7
15471,5
15472,5
15473,5
15474,7
15475,5
15476,6
15477,5
15478,7
15479,7
15480,6
15481,5
15482,7
15483,7
15484,5
15485,7
15486,5
15487,6
15488,5
15489,5
15490,7
15491,5
15492,7
15493,5
15494,5
15495,6
15496,5
15497,5
15498,7
15499,7
15500,6
15501,6
15502,5
15503,5
15504,5
15505,7
15506,6
15507,7
15508,5
15509,6
15510,5
15511,5
15512,5
15513,7
15514,5
15515,5
15516,6
15517,6
15518,5
15519,7
15520,7
15521,6
15522,5
15523,5
15524,5
15525,5
15526,5
15527,5
15528,7
15529,5
15530,5
15531,5
15532,6
15533,6
15534,7
15535,7
15536,6
15537,6
15538,5
15539,6
15540,5
15541,5
15542,7
15543,5
15544,5
15545,5
15546,6
15547,7
15548,6
15549,5
15550,5
15551,5
15552,5
15553,5
15554,5
15555,5
15556,5
15557,7
15558,5
15559,5
15560,7
15561,5
15562,6
15563,5
15564,5
15565,6
15566,5
15567,6
15568,7
15569,6
15570,6
15571,6
15572,5
15573,5
15574,5
15575,5
15576,5
15577,7
15578,6
15579,5
15580,5
15581,5
15582,5
15583,5
15584,6
15585,7
15586,6
15587,7
15588,5
15589,7
15590,7
15591,5
15592,5
15593,5
15594,5
15595,5
15596,7
15597,6
15598,5
15599,5
15600,5
15601,5
15602,6
15603,5
15604,7
15605,6
15606,7
15607,7
15608,5
15609,7
15610,5
15611,7
15612,6
15613,5
15614,6
15615,5
15616,5
15617,5
15618,7
15619,6
15620,5
15621,7
15622,5
15623,7
15624,5
15625,7
15626,6
15627,5
15628,6
15629,6
15630,7
15631,7
15632,5
15633,6
15634,5
15635,5
15636,5
15637,5
15638,7
15639,6
15640,5
15641,5
15642,6
15643,5
15644,5
15645,7
15646,5
15647,7
15648,5
15649,5
15650,6
15651,5
15652,7
15653,5
15654,5
15655,6
15656,6
15657,5
15658,6
15659,5
15660,5
15661,5
15662,7
15663,5
15664,5
15665,5
15666,5
15667,5
15668,5
15669,5
15670,6
15671,6
15672,6
15673,7
15674,7
15675,5
15676,7
15677,5
15678,5
15679,6
15680,5
15681,7
15682,5
15683,5
15684,5
15685,5
15686,5
15687,5
15688,5
15689,5
15690,6
15691,5
15692,5
15693,6
15694,5
15695,6
15696,5
15697,5
15698,7
15699,5
15700,6
15701,5
15702,7
15703,5
15704,7
15705,7
15706,5
15707,5
15708,5
15709,5
15710,5
15711,5
15712,7
15713,5
15714,5
15715,5
15716,6
15717,5
15718,5
15719,7
15720,5
15721,5
15722,5
15723,5
15724,5
15725,5
15726,5
15727,5
15728,5
15729,5
15730,5
15731,5
15732,7
15733,5
15734,5
15735,6
15736,7
15737,5
15738,6
15739,7
15740,7
15741,5
15742,5
15743,5
15744,6
15745,5
15746,5
15747,7
15748,6
15749,5
15750,5
15751,5
15752,7
15753,7
15754,6
15755,5
15756,6
15757,6
15758,6
15759,7
15760,5
15761,5
15762,5
15763,5
15764,7
15765,6
15766,5
15767,5
15768,5
15769,6
15770,6
15771,6
15772,7
15773,5
15774,5
15775,5
15776,5
15777,5
15778,7
15779,6
15780,5
15781,6
15782,7
15783,6
15784,5
15785,7
15786,6
15787,5
15788,6
15789,6
15790,5
15791,6
15792,5
15793,7
15794,5
15795,5
15796,5
15797,6
15798,7
15799,5
15800,7
15801,5
15802,6
15803,5
15804,7
15805,5
15806,7
15807,7
15808,5
15809,5
15810,5
15811,6
15812,6
15813,7
15814,7
15815,5
15816,5
15817,6
15818,5
15819,5
15820,7
15821,5
15822,7
15823,5
15824,7
15825,6
15826,6
15827,6
15828,5
15829,7
15830,6
15831,5
15832,5
15833,5
15834,6
15835,5
15836,7
15837,5
15838,5
15839,7
15840,5
15841,5
15842,5
15843,6
15844,6
15845,5
15846,7
15847,5
15848,5
15849,5
15850,5
15851,7
15852,5
15853,5
15854,6
15855,6
15856,5
15857,5
15858,5
15859,5
15860,6
15861,5
15862,7
15863,5
15864,7
15865,5
15866,5
15867,7
15868,5
15869,7
15870,5
15871,5
15872,5
15873,5
15874,5
15875,7
15876,7
15877,7
15878,5
15879,5
15880,6
15881,7
15882,5
15883,5
15884,7
15885,5
15886,5
15887,6
15888,5
15889,5
15890,5
15891,7
15892,5
15893,6
15894,5
15895,5
15896,7
15897,7
15898,6
15899,5
15900,5
15901,5
15902,5
15903,5
15904,5
15905,5
15906,7
15907,6
15908,5
15909,5
15910,5
15911,5
15912,5
15913,5
15914,5
15915,7
15916,7
15917,5
15918,7
15919,5
15920,5
15921,6
15922,5
15923,6
15924,5
15925,5
15926,5
15927,6
15928,5
15929,7
15930,5
15931,7
15932,5
15933,7
15934,5
15935,5
15936,6
15937,7
15938,6
15939,6
15940,6
15941,7
15942,5
15943,5
15944,7
15945,7
15946,5
15947,5
15948,6
15949,5
15950,6
15951,5
15952,7
15953,5
15954,7
15955,6
15956,6
15957,5
15958,5
15959,7
15960,6
15961,7
15962,6
15963,5
15964,5
15965,5
15966,5
15967,5
15968,7
15969,5
15970,6
15971,5
15972,5
15973,5
15974,5
15975,6
15976,6
15977,5
15978,5
15979,6
15980,5
15981,6
15982,5
15983,5
15984,5
15985,7
15986,6
15987,5
15988,5
15989,6
15990,5
15991,5
15992,5
15993,7
15994,5
15995,5
15996,5
15997,6
15998,5
15999,7
16000,5
16001,5
16002,5
16003,5
16004,5
16005,5
16006,5
16007,5
16008,7
16009,7
16010,5
16011,7
16012,5
16013,5
16014,5
16015,5
16016,5
16017,5
16018,5
16019,6
16020,7
16021,6
16022,6
16023,5
16024,6
16025,5
16026,7
16027,5
16028,5
16029,6
16030,6
16031,7
16032,6
16033,6
16034,5
16035,7
16036,5
16037,6
16038,5
16039,5
16040,5
16041,7
16042,5
16043,5
16044,6
16045,5
16046,5
16047,5
16048,5
16049,5
16050,5
16051,5
16052,5
16053,6
16054,5
16055,7
16056,6
16057,5
16058,6
16059,5
16060,5
16061,6
16062,5
16063,7
16064,7
16065,5
16066,5
16067,5
16068,5
16069,5
16070,7
16071,5
16072,5
16073,5
16074,5
16075,5
16076,5
16077,5
16078,6
16079,7
16080,5
16081,6
16082,5
16083,7
16084,5
16085,6
16086,5
16087,6
16088,7
16089,7
16090,5
16091,5
16092,5
16093,5
16094,5
16095,6
16096,5
16097,7
16098,7
16099,7
16100,5
16101,5
16102,5
16103,6
16104,7
16105,5
16106,7
16107,6
16108,5
16109,6
16110,7
16111,5
16112,5
16113,5
16114,5
16115,5
16116,6
16117,6
16118,5
16119,5
16120,5
16121,5
16122,6
16123,5
16124,5
16125,6
16126,5
16127,5
16128,6
16129,7
16130,7
16131,5
16132,6
16133,7
16134,5
16135,5
16136,7
16137,7
16138,5
16139,5
16140,5
16141,7
16142,5
16143,5
16144,5
16145,5
16146,5
16147,5
16148,5
16149,5
16150,5
16151,5
16152,5
16153,7
16154,5
16155,5
16156,5
16157,5
16158,5
16159,6
16160,5
16161,5
16162,6
16163,5
16164,7
16165,5
16166,5
16167,6
16168,5
16169,6
16170,7
16171,5
16172,6
16173,5
16174,5
16175,5
16176,5
16177,7
16178,7
16179,6
16180,6
16181,7
16182,5
16183,6
16184,6
16185,5
16186,6
16187,5
16188,7
16189,6
16190,7
16191,6
16192,5
16193,7
16194,5
16195,5
16196,7
16197,5
16198,5
16199,5
16200,5
16201,5
16202,7
16203,5
16204,5
16205,6
16206,6
16207,5
16208,5
16209,5
16210,6
16211,7
16212,5
16213,7
16214,7
16215,7
16216,7
16217,5
16218,7
16219,7
16220,5
16221,7
16222,6
16223,5
16224,5
16225,5
16226,6
16227,7
16228,6
16229,7
16230,6
16231,5
16232,7
16233,6
16234,5
16235,5
16236,6
16237,5
16238,7
16239,6
16240,5
16241,7
16242,5
16243,7
16244,6
16245,7
16246,7
16247,5
16248,7
16249,5
16250,5
16251,5
16252,5
16253,5
16254,5
16255,5
16256,6
16257,5
16258,6
16259,5
16260,7
16261,5
16262,5
16263,5
16264,6
16265,5
16266,7
16267,5
16268,7
16269,5
16270,6
16271,5
16272,5
16273,7
16274,5
16275,7
16276,7
16277,7
16278,5
16279,6
16280,5
16281,5
16282,5
16283,5
16284,5
16285,7
16286,5
16287,7
16288,5
16289,6
16290,7
16291,5
16292,6
16293,5
16294,7
16295,6
16296,5
16297,5
16298,7
16299,6
16300,7
16301,5
16302,5
16303,7
16304,7
16305,5
16306,5
16307,5
16308,5
16309,5
16310,7
16311,5
16312,5
16313,7
16314,5
16315,5
16316,5
16317,5
16318,5
16319,5
16320,7
16321,6
16322,6
16323,5
16324,5
16325,5
16326,5
16327,5
16328,5
16329,7
16330,5
16331,7
16332,5
16333,5
16334,5
16335,5
16336,5
16337,7
16338,6
16339,5
16340,6
16341,5
16342,5
16343,5
16344,6
16345,6
16346,5
16347,7
16348,7
16349,5
16350,5
16351,5
16352,5
16353,7
16354,5
16355,7
16356,5
16357,5
16358,5
16359,7
16360,6
16361,5
16362,5
16363,5
16364,6
16365,5
16366,5
16367,7
16368,6
16369,7
16370,7
16371,5
16372,7
16373,6
16374,5
16375,5
16376,5
16377,5
16378,7
16379,5
16380,6
16381,5
16382,7
16383,5
16384,5
16385,5
16386,5
16387,5
16388,5
16389,6
16390,5
16391,5
16392,7
16393,5
16394,5
16395,5
16396,6
16397,5
16398,5
16399,5
16400,6
16401,5
16402,6
16403,6
16404,5
16405,7
16406,7
16407,5
16408,5
16409,7
16410,5
16411,5
16412,5
16413,5
16414,5
16415,6
16416,5
16417,6
16418,5
16419,5
16420,6
16421,5
16422,5
16423,5
16424,5
16425,5
16426,7
16427,5
16428,7
16429,5
16430,5
16431,5
16432,6
16433,5
16434,5
16435,5
16436,5
16437,5
16438,5
16439,5
16440,5
16441,5
16442,7
16443,5
16444,6
16445,7
16446,5
16447,6
16448,7
16449,7
16450,6
16451,5
16452,5
16453,5
16454,5
16455,7
16456,5
16457,5
16458,5
16459,5
16460,5
16461,5
16462,5
16463,5
16464,7
16465,5
16466,6
16467,5
16468,5
16469,5
16470,5
16471,5
16472,6
16473,6
16474,5
16475,5
16476,5
16477,5
16478,5
16479,6
16480,6
16481,7
16482,7
16483,5
16484,5
16485,5
16486,5
16487,5
16488,5
16489,5
16490,5
16491,5
16492,5
16493,7
16494,5
16495,6
16496,6
16497,6
16498,5
16499,5
16500,5
16501,6
16502,5
16503,5
16504,7
16505,6
16506,6
16507,6
16508,7
16509,5
16510,5
16511,6
16512,5
16513,5
16514,7
16515,7
16516,6
16517,7
16518,5
16519,5
16520,6
16521,5
16522,5
16523,7
16524,5
16525,6
16526,7
16527,7
16528,5
16529,7
16530,5
16531,5
16532,5
16533,7
16534,5
16535,6
16536,7
16537,7
16538,5
16539,6
16540,7
16541,6
16542,5
16543,5
16544,5
16545,5
16546,5
16547,6
16548,6
16549,6
16550,5
16551,5
16552,5
16553,6
16554,5
16555,6
16556,5
16557,5
16558,5
16559,6
16560,5
16561,7
16562,6
16563,5
16564,5
16565,5
16566,5
16567,5
16568,7
16569,5
16570,5
16571,5
16572,7
16573,5
16574,7
16575,6
16576,6
16577,7
16578,5
16579,5
16580,5
16581,6
16582,7
16583,5
16584,6
16585,6
16586,5
16587,5
16588,7
16589,7
16590,5
16591,6
16592,5
16593,5
16594,7
16595,5
16596,6
16597,6
16598,7
16599,5
16600,7
16601,5
16602,5
16603,7
16604,5
16605,6
16606,6
16607,5
16608,5
16609,5
16610,5
16611,5
16612,5
16613,6
16614,5
16615,5
16616,5
16617,5
16618,5
16619,5
16620,6
16621,5
16622,5
16623,5
16624,5
16625,5
16626,6
16627,5
16628,7
16629,5
16630,7
16631,5
16632,6
16633,5
16634,5
16635,5
16636,5
16637,6
16638,5
16639,5
16640,5
16641,6
16642,6
16643,5
16644,7
16645,5
16646,6
16647,5
16648,7
16649,7
16650,5
16651,5
16652,6
16653,5
16654,5
16655,6
16656,6
16657,5
16658,5
16659,5
16660,7
16661,7
16662,5
16663,5
16664,5
16665,5
16666,5
16667,5
16668,5
16669,5
16670,7
16671,5
16672,6
16673,7
16674,5
16675,6
16676,5
16677,7
16678,5
16679,7
16680,6
16681,5
16682,7
16683,7
16684,6
16685,5
16686,6
16687,7
16688,7
16689,7
16690,5
16691,5
16692,5
16693,5
16694,6
16695,5
16696,5
16697,6
16698,5
16699,5
16700,5
16701,5
16702,5
16703,6
16704,7
16705,7
16706,7
16707,6
16708,5
16709,7
16710,5
16711,6
16712,5
16713,6
16714,5
16715,6
16716,5
16717,7
16718,5
16719,5
16720,6
16721,5
16722,5
16723,6
16724,5
16725,6
16726,5
16727,7
16728,5
16729,5
16730,5
16731,6
16732,5
16733,7
16734,5
16735,7
16736,6
16737,7
16738,5
16739,5
16740,5
16741,6
16742,5
16743,5
16744,7
16745,7
16746,5
16747,5
16748,7
16749,5
16750,7
16751,6
16752,7
16753,5
16754,7
16755,6
16756,7
16757,6
16758,5
16759,5
16760,7
16761,5
16762,5
16763,7
16764,6
16765,5
16766,5
16767,5
16768,5
16769,7
16770,5
16771,5
16772,5
16773,7
16774,5
16775,5
16776,7
16777,7
16778,6
16779,5
16780,5
16781,5
16782,7
16783,5
16784,5
16785,5
16786,5
16787,5
16788,7
16789,7
16790,5
16791,6
16792,6
16793,6
16794,6
16795,5
16796,5
16797,6
16798,5
16799,5
16800,5
16801,5
16802,5
16803,5
16804,7
16805,5
16806,5
16807,5
16808,6
16809,5
16810,5
16811,5
16812,7
16813,5
16814,5
16815,5
16816,5
16817,5
16818,7
16819,5
16820,7
16821,7
16822,5
16823,5
16824,5
16825,7
16826,5
16827,5
16828,5
16829,5
16830,6
16831,7
16832,5
16833,5
16834,5
16835,5
16836,7
16837,6
16838,5
16839,5
16840,5
16841,6
16842,6
16843,5
16844,5
16845,5
16846,5
16847,5
16848,5
16849,6
16850,5
16851,5
16852,5
16853,7
16854,5
16855,5
16856,5
16857,7
16858,7
16859,7
16860,7
16861,5
16862,6
16863,5
16864,5
16865,6
16866,5
16867,5
16868,5
16869,5
16870,6
16871,6
16872,5
16873,7
16874,5
16875,5
16876,5
16877,6
16878,5
16879,5
16880,6
16881,5
16882,5
16883,5
16884,7
16885,5
16886,7
16887,7
16888,7
16889,6
16890,5
16891,7
16892,5
16893,5
16894,7
16895,5
16896,5
16897,6
16898,6
16899,5
16900,6
16901,5
16902,5
16903,7
16904,5
16905,7
16906,5
16907,5
16908,6
16909,7
16910,5
16911,5
16912,6
16913,6
16914,5
16915,5
16916,5
16917,7
16918,5
16919,5
16920,7
16921,5
16922,5
16923,5
16924,6
16925,5
16926,7
16927,6
16928,6
16929,5
16930,5
16931,5
16932,5
16933,5
16934,5
16935,7
16936,7
16937,5
16938,5
16939,5
16940,6
16941,6
16942,6
16943,5
16944,5
16945,6
16946,7
16947,7
16948,7
16949,7
16950,6
16951,5
16952,5
16953,5
16954,7
16955,6
16956,5
16957,6
16958,7
16959,5
16960,7
16961,7
16962,5
16963,7
16964,6
16965,5
16966,5
16967,5
16968,5
16969,5
16970,5
16971,7
16972,5
16973,5
16974,5
16975,5
16976,5
16977,7
16978,5
16979,5
16980,6
16981,6
16982,5
16983,5
16984,5
16985,7
16986,5
16987,5
16988,7
16989,7
16990,7
16991,5
16992,5
16993,7
16994,5
16995,5
16996,5
16997,5
16998,7
16999,7
17000,6
17001,5
17002,6
17003,7
17004,7
17005,5
17006,6
17007,6
17008,7
17009,6
17010,5
17011,5
17012,5
17013,7
17014,5
17015,7
17016,6
17017,7
17018,5
17019,6
17020,7
17021,5
17022,6
17023,7
17024,5
17025,5
17026,7
17027,5
17028,7
17029,5
17030,7
17031,6
17032,5
17033,6
17034,5
17035,5
17036,6
17037,7
17038,6
17039,7
17040,5
17041,5
17042,7
17043,5
17044,5
17045,7
17046,5
17047,5
17048,6
17049,7
17050,6
17051,6
17052,7
17053,6
17054,6
17055,5
17056,5
17057,5
17058,5
17059,6
17060,5
17061,6
17062,7
17063,6
17064,7
17065,5
17066,7
17067,5
17068,5
17069,5
17070,5
17071,5
17072,6
17073,7
17074,6
17075,7
17076,5
17077,5
17078,5
17079,7
17080,5
17081,5
17082,7
17083,6
17084,5
17085,5
17086,5
17087,5
17088,6
17089,5
17090,6
17091,5
17092,5
17093,5
17094,5
17095,5
17096,6
17097,5
17098,5
17099,5
17100,6
17101,5
17102,5
17103,5
17104,7
17105,5
17106,5
17107,6
17108,7
17109,7
17110,6
17111,5
17112,5
17113,6
17114,5
17115,7
17116,6
17117,5
17118,5
17119,5
17120,5
17121,6
17122,5
17123,5
17124,5
17125,5
17126,5
17127,7
17128,5
17129,5
17130,5
17131,5
17132,7
17133,5
17134,5
17135,5
17136,5
17137,6
17138,5
17139,5
17140,5
17141,6
17142,7
17143,5
17144,5
17145,7
17146,6
17147,5
17148,5
17149,5
17150,5
17151,5
17152,5
17153,5
17154,5
17155,7
17156,5
17157,5
17158,5
17159,6
17160,5
17161,5
17162,5
17163,5
17164,5
17165,7
17166,5
17167,7
17168,5
17169,5
17170,5
17171,5
17172,5
17173,7
17174,7
17175,5
17176,5
17177,5
17178,5
17179,7
17180,5
17181,7
17182,6
17183,5
17184,6
17185,5
17186,7
17187,6
17188,5
17189,5
17190,6
17191,7
17192,7
17193,6
17194,6
17195,5
17196,5
17197,5
17198,6
17199,5
17200,5
17201,5
17202,5
17203,5
17204,6
17205,5
17206,6
17207,6
17208,7
17209,7
17210,6
17211,5
17212,5
17213,5
17214,6
17215,5
17216,6
17217,5
17218,5
17219,5
17220,6
17221,6
17222,7
17223,5
17224,5
17225,6
17226,7
17227,5
17228,5
17229,6
17230,5
17231,5
17232,6
17233,6
17234,7
17235,6
17236,6
17237,5
17238,5
17239,5
17240,5
17241,6
17242,6
17243,6
17244,6
17245,7
17246,6
17247,5
17248,5
17249,5
17250,7
17251,7
17252,5
17253,5
17254,6
17255,5
17256,5
17257,5
17258,5
17259,5
17260,7
17261,5
17262,5
17263,5
17264,6
17265,7
17266,5
17267,7
17268,6
17269,5
17270,6
17271,5
17272,7
17273,6
17274,5
17275,7
17276,5
17277,7
17278,5
17279,6
17280,5
17281,5
17282,5
17283,5
17284,7
17285,5
17286,5
17287,5
17288,5
17289,5
17290,5
17291,7
17292,5
17293,5
17294,5
17295,5
17296,5
17297,5
17298,5
17299,6
17300,7
17301,6
17302,6
17303,7
17304,5
17305,7
17306,5
17307,5
17308,5
17309,6
17310,7
17311,6
17312,6
17313,5
17314,6
17315,6
17316,5
17317,5
17318,5
17319,7
17320,7
17321,5
17322,5
17323,5
17324,6
17325,5
17326,5
17327,5
17328,5
17329,5
17330,6
17331,6
17332,5
17333,7
17334,6
17335,7
17336,7
17337,5
17338,5
17339,5
17340,7
17341,6
17342,5
17343,6
17344,6
17345,5
17346,5
17347,7
17348,6
17349,7
17350,5
17351,5
17352,5
17353,6
17354,7
17355,5
17356,5
17357,6
17358,5
17359,5
17360,5
17361,5
17362,7
17363,7
17364,6
17365,6
17366,6
17367,5
17368,5
17369,6
17370,5
17371,7
17372,6
17373,7
17374,7
17375,5
17376,5
17377,5
17378,6
17379,6
17380,7
17381,6
17382,7
17383,6
17384,7
17385,6
17386,5
17387,6
17388,5
17389,7
17390,7
17391,5
17392,7
17393,6
17394,6
17395,5
17396,5
17397,5
17398,7
17399,7
17400,6
17401,5
17402,6
17403,5
17404,7
17405,6
17406,6
17407,5
17408,7
17409,7
17410,6
17411,6
17412,7
17413,6
17414,5
17415,7
17416,5
17417,6
17418,5
17419,5
17420,6
17421,7
17422,5
17423,5
17424,5
17425,5
17426,5
17427,7
17428,5
17429,5
17430,5
17431,5
17432,5
17433,6
17434,5
17435,6
17436,5
17437,5
17438,5
17439,6
17440,7
17441,5
17442,6
17443,5
17444,6
17445,5
17446,5
17447,7
17448,5
17449,6
17450,5
17451,6
17452,5
17453,5
17454,5
17455,5
17456,7
17457,5
17458,7
17459,6
17460,7
17461,5
17462,5
17463,5
17464,5
17465,7
17466,5
17467,7
17468,5
17469,7
17470,5
17471,7
17472,7
17473,5
17474,5
17475,5
17476,5
17477,6
17478,7
17479,6
17480,7
17481,5
17482,5
17483,5
17484,5
17485,6
17486,6
17487,7
17488,5
17489,6
17490,7
17491,5
17492,5
17493,5
17494,6
17495,5
17496,5
17497,7
17498,6
17499,5
17500,5
17501,5
17502,6
17503,5
17504,7
17505,5
17506,5
17507,5
17508,5
17509,5
17510,5
17511,5
17512,5
17513,5
17514,5
17515,5
17516,5
17517,6
17518,5
17519,5
17520,5
17521,5
17522,5
17523,5
17524,5
17525,6
17526,7
17527,7
17528,5
17529,5
17530,5
17531,5
17532,6
17533,7
17534,5
17535,5
17536,5
17537,7
17538,5
17539,6
17540,5
17541,7
17542,7
17543,5
17544,5
17545,5
17546,5
17547,5
17548,7
17549,5
17550,6
17551,5
17552,5
17553,5
17554,6
17555,5
17556,7
17557,7
17558,5
17559,7
17560,7
17561,5
17562,7
17563,7
17564,5
17565,7
17566,5
17567,7
17568,6
17569,6
17570,6
17571,6
17572,5
17573,5
17574,5
17575,5
17576,5
17577,5
17578,5
17579,5
17580,5
17581,5
17582,5
17583,7
17584,5
17585,7
17586,6
17587,7
17588,6
17589,7
17590,5
17591,7
17592,5
17593,5
17594,5
17595,5
17596,5
17597,5
17598,6
17599,7
17600,5
17601,5
17602,5
17603,5
17604,5
17605,5
17606,7
17607,6
17608,5
17609,7
17610,7
17611,5
17612,5
17613,5
17614,6
17615,5
17616,7
17617,5
17618,5
17619,7
17620,5
17621,5
17622,5
17623,5
17624,5
17625,5
17626,5
17627,7
17628,5
17629,6
17630,7
17631,5
17632,5
17633,6
17634,7
17635,5
17636,5
17637,5
17638,5
17639,5
17640,7
17641,5
17642,5
17643,5
17644,7
17645,6
17646,5
17647,5
17648,7
17649,6
17650,5
17651,5
17652,5
17653,5
17654,5
17655,5
17656,6
17657,7
17658,5
17659,5
17660,7
17661,5
17662,7
17663,6
17664,5
17665,5
17666,7
17667,5
17668,5
17669,6
17670,5
17671,5
17672,5
17673,7
17674,5
17675,5
17676,7
17677,7
17678,7
17679,5
17680,6
17681,7
17682,6
17683,6
17684,6
17685,5
17686,6
17687,5
17688,5
17689,5
17690,5
17691,7
17692,6
17693,7
17694,6
17695,5
17696,6
17697,5
17698,6
17699,5
17700,5
17701,5
17702,6
17703,5
17704,5
17705,5
17706,5
17707,5
17708,7
17709,7
17710,5
17711,7
17712,5
17713,6
17714,7
17715,7
17716,7
17717,6
17718,7
17719,5
17720,6
17721,6
17722,6
17723,6
17724,5
17725,7
17726,5
17727,5
17728,7
17729,5
17730,5
17731,5
17732,6
17733,7
17734,7
17735,5
17736,5
17737,5
17738,5
17739,5
17740,5
17741,5
17742,5
17743,5
17744,5
17745,7
17746,6
17747,5
17748,5
17749,5
17750,6
17751,6
17752,6
17753,5
17754,5
17755,5
17756,7
17757,5
17758,5
17759,5
17760,5
17761,7
17762,5
17763,7
17764,7
17765,5
17766,6
17767,5
17768,5
17769,7
17770,5
17771,7
17772,5
17773,6
17774,5
17775,5
17776,5
17777,6
17778,5
17779,5
17780,5
17781,7
17782,7
17783,6
17784,7
17785,6
17786,5
17787,5
17788,6
17789,6
17790,5
17791,5
17792,5
17793,5
17794,7
17795,5
17796,5
17797,7
17798,5
17799,5
17800,5
17801,5
17802,5
17803,5
17804,7
17805,5
17806,6
17807,5
17808,5
17809,5
17810,5
17811,5
17812,6
17813,7
17814,5
17815,5
17816,5
17817,6
17818,6
17819,5
17820,7
17821,5
17822,5
17823,5
17824,7
17825,5
17826,6
17827,7
17828,5
17829,5
17830,5
17831,7
17832,5
17833,5
17834,6
17835,5
17836,5
17837,6
17838,7
17839,5
17840,5
17841,5
17842,6
17843,5
17844,5
17845,5
17846,5
17847,5
17848,5
17849,5
17850,5
17851,6
17852,5
17853,6
17854,5
17855,5
17856,5
17857,7
17858,7
17859,6
17860,5
17861,5
17862,5
17863,5
17864,6
17865,6
17866,6
17867,7
17868,5
17869,7
17870,7
17871,5
17872,5
17873,5
17874,6
17875,6
17876,5
17877,5
17878,5
17879,5
17880,6
17881,5
17882,7
17883,5
17884,5
17885,5
17886,5
17887,7
17888,5
17889,5
17890,7
17891,5
17892,5
17893,6
17894,5
17895,5
17896,5
17897,6
17898,5
17899,5
17900,5
17901,5
17902,6
17903,5
17904,5
17905,7
17906,7
17907,7
17908,5
17909,5
17910,5
17911,7
17912,5
17913,7
17914,6
17915,7
17916,5
17917,7
17918,7
17919,7
17920,5
17921,5
17922,6
17923,5
17924,6
17925,5
17926,5
17927,5
17928,5
17929,5
17930,6
17931,5
17932,5
17933,6
17934,5
17935,5
17936,5
17937,7
17938,7
17939,5
17940,5
17941,7
17942,7
17943,7
17944,7
17945,7
17946,5
17947,5
17948,5
17949,5
17950,6
17951,6
17952,6
17953,5
17954,7
17955,6
17956,5
17957,6
17958,5
17959,5
17960,5
17961,5
17962,5
17963,6
17964,5
17965,5
17966,5
17967,5
17968,5
17969,5
17970,5
17971,5
17972,5
17973,7
17974,5
17975,5
17976,5
17977,5
17978,5
17979,5
17980,5
17981,7
17982,6
17983,5
17984,6
17985,7
17986,5
17987,5
17988,6
17989,5
17990,7
17991,7
17992,5
17993,7
17994,5
17995,6
17996,5
17997,5
17998,5
17999,6
18000,6
18001,7
18002,7
18003,7
18004,6
18005,5
18006,5
18007,5
18008,7
18009,5
18010,5
18011,5
18012,5
18013,5
18014,5
18015,5
18016,5
18017,6
18018,7
18019,5
18020,5
18021,5
18022,5
18023,7
18024,5
18025,5
18026,7
18027,5
18028,6
18029,5
18030,6
18031,5
18032,7
18033,7
18034,5
18035,5
18036,5
18037,5
18038,6
18039,6
18040,5
18041,6
18042,5
18043,5
18044,5
18045,5
18046,6
18047,7
18048,5
18049,7
18050,5
18051,5
18052,6
18053,5
18054,5
18055,5
18056,5
18057,5
18058,5
18059,5
18060,5
18061,5
18062,6
18063,5
18064,5
18065,5
18066,5
18067,5
18068,6
18069,6
18070,5
18071,5
18072,7
18073,7
18074,7
18075,5
18076,7
18077,5
18078,7
18079,6
18080,7
18081,5
18082,6
18083,5
18084,7
18085,5
18086,7
18087,5
18088,7
18089,5
18090,5
18091,7
18092,5
18093,5
18094,5
18095,5
18096,7
18097,5
18098,6
18099,5
18100,5
18101,5
18102,7
18103,7
18104,6
18105,5
18106,7
18107,5
18108,6
18109,5
18110,5
18111,7
18112,5
18113,7
18114,5
18115,6
18116,7
18117,5
18118,5
18119,6
18120,5
18121,6
18122,5
18123,5
18124,5
18125,5
18126,5
18127,5
18128,5
18129,7
18130,6
18131,6
18132,5
18133,5
18134,7
18135,5
18136,5
18137,5
18138,7
18139,5
18140,5
18141,5
18142,6
18143,7
18144,5
18145,5
18146,6
18147,5
18148,7
18149,5
18150,7
18151,5
18152,5
18153,6
18154,7
18155,5
18156,7
18157,5
18158,7
18159,7
18160,6
18161,7
18162,7
18163,5
18164,5
18165,5
18166,7
18167,5
18168,5
18169,5
18170,5
18171,5
18172,7
18173,5
18174,5
18175,6
18176,5
18177,6
18178,5
18179,7
18180,7
18181,5
18182,5
18183,6
18184,7
18185,6
18186,5
18187,5
18188,5
18189,5
18190,5
18191,5
18192,6
18193,5
18194,6
18195,5
18196,6
18197,5
18198,7
18199,5
18200,5
18201,5
18202,5
18203,5
18204,5
18205,5
18206,5
18207,5
18208,7
18209,6
18210,5
18211,5
18212,6
18213,7
18214,5
18215,7
18216,5
18217,5
18218,5
18219,6
18220,5
18221,6
18222,5
18223,7
18224,5
18225,6
18226,5
18227,5
18228,6
18229,7
18230,7
18231,5
18232,5
18233,6
18234,6
18235,5
18236,5
18237,5
18238,7
18239,5
18240,7
18241,7
18242,5
18243,7
18244,5
18245,5
18246,6
18247,5
18248,5
18249,6
18250,6
18251,6
18252,7
18253,5
18254,7
18255,7
18256,5
18257,5
18258,6
18259,5
18260,5
18261,5
18262,7
18263,5
18264,5
18265,5
18266,5
18267,6
18268,7
18269,5
18270,7
18271,5
18272,7
18273,7
18274,5
18275,7
18276,5
18277,6
18278,5
18279,5
18280,6
18281,6
18282,7
18283,6
18284,5
18285,6
18286,5
18287,7
18288,5
18289,5
18290,5
18291,7
18292,7
18293,6
18294,5
18295,5
18296,6
18297,6
18298,5
18299,7
18300,7
18301,5
18302,6
18303,6
18304,5
18305,6
18306,5
18307,5
18308,5
18309,5
18310,6
18311,5
18312,5
18313,5
18314,5
18315,7
18316,5
18317,5
18318,5
18319,5
18320,5
18321,6
18322,7
18323,6
18324,7
18325,7
18326,5
18327,5
18328,5
18329,5
18330,6
18331,5
18332,5
18333,7
18334,5
18335,7
18336,5
18337,5
18338,6
18339,5
18340,7
18341,5
18342,7
18343,6
18344,5
18345,7
18346,5
18347,6
18348,5
18349,5
18350,5
18351,5
18352,5
18353,7
18354,5
18355,7
18356,6
18357,7
18358,7
18359,5
18360,5
18361,6
18362,6
18363,5
18364,5
18365,6
18366,5
18367,5
18368,7
18369,7
18370,6
18371,7
18372,6
18373,5
18374,7
18375,7
18376,5
18377,7
18378,5
18379,5
18380,6
18381,5
18382,7
18383,6
18384,5
18385,6
18386,5
18387,5
18388,5
18389,5
18390,7
18391,6
18392,5
18393,5
18394,5
18395,5
18396,5
18397,7
18398,6
18399,6
18400,5
18401,6
18402,7
18403,5
18404,7
18405,6
18406,5
18407,5
18408,5
18409,5
18410,5
18411,6
18412,5
18413,5
18414,6
18415,5
18416,5
18417,5
18418,5
18419,5
18420,6
18421,5
18422,5
18423,5
18424,5
18425,6
18426,5
18427,7
18428,7
18429,6
18430,5
18431,7
18432,5
18433,5
18434,5
18435,5
18436,6
18437,6
18438,6
18439,5
18440,5
18441,6
18442,6
18443,6
18444,5
18445,5
18446,5
18447,7
18448,5
18449,5
18450,6
18451,7
18452,6
18453,6
18454,5
18455,7
18456,5
18457,7
18458,6
18459,5
18460,5
18461,6
18462,5
18463,6
18464,5
18465,6
18466,6
18467,5
18468,5
18469,5
18470,5
18471,5
18472,5
18473,5
18474,5
18475,7
18476,6
18477,5
18478,7
18479,7
18480,5
18481,6
18482,5
18483,7
18484,6
18485,5
18486,5
18487,5
18488,5
18489,6
18490,6
18491,5
18492,5
18493,5
18494,5
18495,5
18496,5
18497,6
18498,6
18499,5
18500,5
18501,5
18502,5
18503,5
18504,7
18505,7
18506,7
18507,5
18508,7
18509,5
18510,7
18511,7
18512,6
18513,5
18514,5
18515,7
18516,7
18517,5
18518,5
18519,6
18520,5
18521,6
18522,6
18523,5
18524,5
18525,5
18526,5
18527,6
18528,7
18529,5
18530,6
18531,7
18532,5
18533,5
18534,5
18535,5
18536,5
18537,5
18538,7
18539,5
18540,5
18541,7
18542,6
18543,6
18544,5
18545,5
18546,7
18547,6
18548,6
18549,5
18550,5
18551,6
18552,5
18553,5
18554,6
18555,7
18556,5
18557,5
18558,5
18559,5
18560,5
18561,5
18562,5
18563,5
18564,5
18565,5
18566,6
18567,5
18568,5
18569,7
18570,7
18571,5
18572,6
18573,6
18574,5
18575,7
18576,7
18577,6
18578,7
18579,6
18580,5
18581,7
18582,5
18583,5
18584,5
18585,5
18586,7
18587,5
18588,5
18589,5
18590,5
18591,5
18592,5
18593,5
18594,6
18595,5
18596,6
18597,7
18598,7
18599,6
18600,7
18601,5
18602,5
18603,5
18604,5
18605,7
18606,5
18607,6
18608,5
18609,5
18610,5
18611,5
18612,5
18613,5
18614,6
18615,5
18616,7
18617,6
18618,6
18619,7
18620,7
18621,5
18622,5
18623,7
18624,5
18625,5
18626,5
18627,7
18628,6
18629,5
18630,5
18631,5
18632,5
18633,7
18634,6
18635,6
18636,6
18637,5
18638,5
18639,6
18640,5
18641,7
18642,5
18643,5
18644,5
18645,5
18646,6
18647,5
18648,5
18649,5
18650,5
18651,7
18652,5
18653,5
18654,5
18655,5
18656,5
18657,6
18658,7
18659,5
18660,6
18661,5
18662,5
18663,5
18664,7
18665,6
18666,5
18667,5
18668,5
18669,6
18670,5
18671,6
18672,7
18673,5
18674,5
18675,5
18676,5
18677,5
18678,6
18679,6
18680,5
18681,5
18682,5
18683,5
18684,5
18685,5
18686,7
18687,5
18688,5
18689,6
18690,7
18691,5
18692,5
18693,5
18694,6
18695,6
18696,7
18697,6
18698,5
18699,5
18700,6
18701,6
18702,5
18703,7
18704,5
18705,5
18706,5
18707,7
18708,5
18709,5
18710,5
18711,6
18712,5
18713,5
18714,7
18715,6
18716,7
18717,5
18718,5
18719,5
18720,5
18721,5
18722,5
18723,5
18724,7
18725,5
18726,5
18727,7
18728,5
18729,5
18730,7
18731,5
18732,5
18733,7
18734,6
18735,6
18736,6
18737,7
18738,5
18739,6
18740,5
18741,5
18742,7
18743,7
18744,5
18745,5
18746,6
18747,7
18748,5
18749,5
18750,6
18751,5
18752,6
18753,5
18754,7
18755,5
18756,6
18757,7
18758,6
18759,5
18760,5
18761,5
18762,5
18763,5
18764,5
18765,6
18766,5
18767,5
18768,5
18769,5
18770,7
18771,7
18772,5
18773,5
18774,7
18775,7
18776,7
18777,7
18778,6
18779,7
18780,5
18781,5
18782,7
18783,5
18784,7
18785,7
18786,6
18787,5
18788,5
18789,7
18790,7
18791,7
18792,5
18793,5
18794,5
18795,5
18796,7
18797,5
18798,7
18799,5
18800,7
18801,7
18802,7
18803,6
18804,7
18805,5
18806,7
18807,5
18808,5
18809,7
18810,5
18811,5
18812,7
18813,5
18814,5
18815,7
18816,5
18817,5
18818,6
18819,7
18820,5
18821,6
18822,5
18823,5
18824,5
18825,5
18826,5
18827,5
18828,6
18829,5
18830,5
18831,5
18832,6
18833,5
18834,5
18835,5
18836,5
18837,5
18838,6
18839,6
18840,5
18841,5
18842,5
18843,7
18844,5
18845,7
18846,5
18847,5
18848,6
18849,5
18850,5
18851,5
18852,5
18853,6
18854,7
18855,7
18856,7
18857,5
18858,7
18859,5
18860,6
18861,5
18862,5
18863,6
18864,7
18865,5
18866,5
18867,7
18868,5
18869,5
18870,5
18871,5
18872,5
18873,5
18874,7
18875,5
18876,5
18877,5
18878,6
18879,5
18880,6
18881,5
18882,5
18883,7
18884,5
18885,6
18886,5
18887,5
18888,5
18889,7
18890,5
18891,5
18892,5
18893,5
18894,5
18895,5
18896,7
18897,7
18898,5
18899,6
18900,5
18901,5
18902,5
18903,7
18904,5
18905,5
18906,5
18907,5
18908,5
18909,7
18910,5
18911,5
18912,7
18913,5
18914,5
18915,5
18916,5
18917,7
18918,5
18919,5
18920,6
18921,5
18922,5
18923,5
18924,5
18925,7
18926,5
18927,7
18928,5
18929,5
18930,6
18931,6
18932,6
18933,5
18934,5
18935,7
18936,5
18937,5
18938,7
18939,5
18940,7
18941,5
18942,5
18943,6
18944,7
18945,5
18946,5
18947,5
18948,7
18949,6
18950,7
18951,7
18952,5
18953,7
18954,6
18955,5
18956,6
18957,5
18958,6
18959,5
18960,7
18961,5
18962,5
18963,7
18964,5
18965,5
18966,7
18967,7
18968,5
18969,7
18970,6
18971,6
18972,5
18973,6
18974,6
18975,5
18976,5
18977,5
18978,5
18979,5
18980,6
18981,5
18982,5
18983,5
18984,7
18985,7
18986,7
18987,5
18988,6
18989,7
18990,6
18991,6
18992,7
18993,7
18994,5
18995,5
18996,5
18997,6
18998,5
18999,5
19000,7
19001,5
19002,5
19003,5
19004,6
19005,7
19006,5
19007,6
19008,7
19009,7
19010,5
19011,5
19012,6
19013,7
19014,5
19015,7
19016,7
19017,5
19018,5
19019,5
19020,6
19021,6
19022,5
19023,6
19024,7
19025,5
19026,5
19027,5
19028,6
19029,5
19030,6
19031,5
19032,5
19033,5
19034,6
19035,5
19036,5
19037,5
19038,5
19039,7
19040,5
19041,5
19042,5
19043,6
19044,5
19045,5
19046,7
19047,5
19048,5
19049,5
19050,5
19051,5
19052,5
19053,5
19054,5
19055,6
19056,5
19057,7
19058,7
19059,5
19060,5
19061,5
19062,6
19063,6
19064,5
19065,5
19066,7
19067,7
19068,5
19069,7
19070,6
19071,5
19072,6
19073,5
19074,5
19075,5
19076,5
19077,5
19078,5
19079,7
19080,7
19081,6
19082,7
19083,5
19084,5
19085,5
19086,7
19087,6
19088,5
19089,5
19090,6
19091,5
19092,5
19093,5
19094,6
19095,7
19096,5
19097,7
19098,6
19099,6
19100,5
19101,5
19102,5
19103,5
19104,5
19105,5
19106,7
19107,5
19108,7
19109,5
19110,5
19111,5
19112,6
19113,5
19114,5
19115,5
19116,6
19117,5
19118,5
19119,5
19120,7
19121,7
19122,6
19123,5
19124,7
19125,5
19126,7
19127,5
19128,6
19129,5
19130,7
19131,5
19132,7
19133,5
19134,7
19135,5
19136,5
19137,6
19138,5
19139,5
19140,5
19141,5
19142,6
19143,5
19144,7
19145,7
19146,5
19147,6
19148,5
19149,7
19150,5
19151,6
19152,7
19153,5
19154,7
19155,5
19156,5
19157,5
19158,5
19159,7
19160,5
19161,7
19162,5
19163,6
19164,5
19165,5
19166,5
19167,5
19168,5
19169,7
19170,7
19171,5
19172,5
19173,5
19174,7
19175,7
19176,5
19177,6
19178,5
19179,7
19180,5
19181,5
19182,5
19183,6
19184,6
19185,6
19186,5
19187,5
19188,5
19189,6
19190,5
19191,5
19192,7
19193,6
19194,5
19195,5
19196,7
19197,7
19198,5
19199,5
19200,7
19201,7
19202,6
19203,5
19204,7
19205,5
19206,7
19207,5
19208,5
19209,7
19210,5
19211,5
19212,7
19213,5
19214,5
19215,5
19216,6
19217,5
19218,5
19219,5
19220,5
19221,6
19222,5
19223,5
19224,7
19225,7
19226,6
19227,5
19228,5
19229,6
19230,6
19231,5
19232,5
19233,5
19234,6
19235,6
19236,7
19237,7
19238,5
19239,5
19240,5
19241,5
19242,5
19243,5
19244,5
19245,5
19246,5
19247,6
19248,6
19249,5
19250,5
19251,6
19252,7
19253,5
19254,7
19255,5
19256,5
19257,5
19258,5
19259,5
19260,5
19261,5
19262,5
19263,5
19264,7
19265,5
19266,5
19267,7
19268,7
19269,5
19270,5
19271,5
19272,5
19273,6
19274,5
19275,5
19276,5
19277,7
19278,5
19279,5
19280,5
19281,6
19282,5
19283,5
19284,5
19285,5
19286,5
19287,5
19288,7
19289,7
19290,6
19291,5
19292,5
19293,5
19294,5
19295,5
19296,5
19297,5
19298,5
19299,5
19300,6
19301,5
19302,7
19303,5
19304,5
19305,5
19306,6
19307,5
19308,5
19309,5
19310,6
19311,5
19312,5
19313,5
19314,7
19315,5
19316,7
19317,5
19318,7
19319,5
19320,5
19321,7
19322,5
19323,7
19324,5
19325,5
19326,5
19327,5
19328,7
19329,5
19330,5
19331,5
19332,6
19333,5
19334,5
19335,5
19336,5
19337,6
19338,6
19339,5
19340,6
19341,7
19342,6
19343,7
19344,5
19345,5
19346,5
19347,5
19348,6
19349,5
19350,5
19351,5
19352,5
19353,5
19354,5
19355,5
19356,7
19357,7
19358,7
19359,6
19360,5
19361,5
19362,5
19363,6
19364,5
19365,5
19366,5
19367,5
19368,5
19369,6
19370,5
19371,5
19372,5
19373,6
19374,5
19375,5
19376,5
19377,5
19378,7
19379,7
19380,6
19381,5
19382,6
19383,5
19384,5
19385,5
19386,5
19387,5
19388,5
19389,7
19390,5
19391,6
19392,6
19393,5
19394,7
19395,5
19396,5
19397,5
19398,6
19399,5
19400,5
19401,5
19402,7
19403,5
19404,5
19405,6
19406,7
19407,7
19408,7
19409,7
19410,5
19411,7
19412,5
19413,5
19414,5
19415,7
19416,6
19417,5
19418,5
19419,5
19420,6
19421,6
19422,5
19423,7
19424,5
19425,5
19426,7
19427,5
19428,5
19429,7
19430,5
19431,5
19432,5
19433,7
19434,5
19435,5
19436,5
19437,6
19438,5
19439,7
19440,6
19441,7
19442,5
19443,5
19444,5
19445,5
19446,5
19447,6
19448,6
19449,5
19450,5
19451,6
19452,6
19453,5
19454,5
19455,6
19456,5
19457,7
19458,7
19459,5
19460,5
19461,5
19462,6
19463,5
19464,6
19465,5
19466,6
19467,5
19468,5
19469,5
19470,5
19471,5
19472,5
19473,7
19474,5
19475,5
19476,5
19477,6
19478,5
19479,6
19480,5
19481,6
19482,6
19483,5
19484,7
19485,5
19486,5
19487,5
19488,6
19489,5
19490,5
19491,5
19492,5
19493,6
19494,7
19495,5
19496,5
19497,7
19498,7
19499,6
19500,6
19501,5
19502,5
19503,5
19504,5
19505,7
19506,7
19507,5
19508,5
19509,5
19510,5
19511,7
19512,5
19513,5
19514,6
19515,5
19516,7
19517,5
19518,5
19519,5
19520,7
19521,5
19522,7
19523,5
19524,6
19525,5
19526,7
19527,7
19528,5
19529,7
19530,5
19531,5
19532,6
19533,6
19534,5
19535,6
19536,5
19537,5
19538,6
19539,6
19540,6
19541,5
19542,5
19543,5
19544,6
19545,5
19546,5
19547,7
19548,7
19549,7
19550,7
19551,5
19552,5
19553,6
19554,7
19555,5
19556,5
19557,5
19558,5
19559,6
19560,7
19561,5
19562,7
19563,5
19564,5
19565,7
19566,5
19567,5
19568,7
19569,5
19570,7
19571,5
19572,6
19573,7
19574,5
19575,5
19576,6
19577,5
19578,5
19579,7
19580,6
19581,5
19582,5
19583,7
19584,5
19585,6
19586,5
19587,5
19588,7
19589,5
19590,5
19591,7
19592,6
19593,5
19594,6
19595,5
19596,5
19597,5
19598,7
19599,5
19600,7
19601,7
19602,7
19603,5
19604,5
19605,7
19606,6
19607,7
19608,7
19609,5
19610,6
19611,5
19612,5
19613,5
19614,5
19615,7
19616,7
19617,7
19618,6
19619,6
19620,7
19621,5
19622,7
19623,5
19624,5
19625,5
19626,5
19627,5
19628,7
19629,5
19630,7
19631,5
19632,5
19633,7
19634,5
19635,5
19636,6
19637,5
19638,5
19639,6
19640,5
19641,5
19642,6
19643,5
19644,5
19645,5
19646,5
19647,5
19648,5
19649,5
19650,5
19651,5
19652,5
19653,7
19654,5
19655,7
19656,7
19657,6
19658,6
19659,5
19660,7
19661,5
19662,5
19663,6
19664,5
19665,5
19666,7
19667,7
19668,5
19669,5
19670,5
19671,7
19672,5
19673,5
19674,6
19675,5
19676,6
19677,5
19678,7
19679,7
19680,5
19681,7
19682,5
19683,5
19684,7
19685,5
19686,7
19687,5
19688,7
19689,5
19690,7
19691,5
19692,5
19693,7
19694,5
19695,5
19696,5
19697,5
19698,5
19699,5
19700,5
19701,7
19702,5
19703,6
19704,7
19705,6
19706,6
19707,5
19708,5
19709,5
19710,7
19711,5
19712,7
19713,5
19714,5
19715,7
19716,5
19717,5
19718,5
19719,5
19720,5
19721,5
19722,7
19723,7
19724,6
19725,6
19726,5
19727,7
19728,7
19729,5
19730,5
19731,5
19732,5
19733,5
19734,5
19735,7
19736,6
19737,5
19738,6
19739,5
19740,5
19741,5
19742,7
19743,5
19744,7
19745,6
19746,7
19747,7
19748,6
19749,5
19750,6
19751,6
19752,5
19753,7
19754,7
19755,6
19756,5
19757,7
19758,5
19759,5
19760,5
19761,5
19762,5
19763,5
19764,5
19765,7
19766,7
19767,5
19768,7
19769,6
19770,7
19771,5
19772,6
19773,5
19774,5
19775,7
19776,5
19777,7
19778,7
19779,5
19780,5
19781,5
19782,5
19783,5
19784,5
19785,7
19786,6
19787,7
19788,5
19789,5
19790,5
19791,5
19792,5
19793,7
19794,7
19795,5
19796,6
19797,5
19798,7
19799,7
19800,5
19801,5
19802,6
19803,5
19804,5
19805,5
19806,6
19807,5
19808,5
19809,5
19810,5
19811,5
19812,7
19813,5
19814,5
19815,6
19816,5
19817,5
19818,5
19819,5
19820,5
19821,5
19822,5
19823,6
19824,5
19825,7
19826,7
19827,6
19828,7
19829,5
19830,7
19831,7
19832,6
19833,5
19834,7
19835,5
19836,6
19837,6
19838,5
19839,7
19840,5
19841,5
19842,5
19843,5
19844,7
19845,7
19846,5
19847,5
19848,7
19849,7
19850,7
19851,5
19852,7
19853,6
19854,7
19855,5
19856,6
19857,5
19858,5
19859,5
19860,5
19861,5
19862,5
19863,5
19864,6
19865,5
19866,5
19867,5
19868,5
19869,5
19870,5
19871,6
19872,7
19873,5
19874,5
19875,5
19876,7
19877,5
19878,5
19879,5
19880,7
19881,7
19882,5
19883,6
19884,6
19885,5
19886,5
19887,5
19888,5
19889,5
19890,5
19891,5
19892,7
19893,7
19894,5
19895,6
19896,5
19897,6
19898,6
19899,5
19900,5
19901,7
19902,6
19903,7
19904,5
19905,5
19906,5
19907,5
19908,5
19909,6
19910,5
19911,5
19912,7
19913,6
19914,5
19915,6
19916,5
19917,7
19918,5
19919,5
19920,7
19921,5
19922,6
19923,5
19924,7
19925,5
19926,6
19927,6
19928,5
19929,7
19930,7
19931,7
19932,5
19933,5
19934,5
19935,5
19936,5
19937,5
19938,5
19939,5
19940,5
19941,7
19942,6
19943,7
19944,5
19945,7
19946,5
19947,5
19948,6
19949,6
19950,5
19951,6
19952,6
19953,5
19954,6
19955,5
19956,5
19957,5
19958,6
19959,5
19960,7
19961,5
19962,7
19963,7
19964,5
19965,5
19966,5
19967,6
19968,5
19969,5
19970,6
19971,5
19972,6
19973,7
19974,5
19975,7
19976,7
19977,5
19978,7
19979,5
19980,5
19981,6
19982,6
19983,7
19984,5
19985,5
19986,5
19987,5
19988,7
19989,5
19990,5
19991,7
19992,5
19993,5
19994,6
19995,6
19996,5
19997,5
19998,7
19999,5
20000,5
20001,5
20002,5
20003,6
20004,5
20005,5
20006,7
20007,7
20008,5
20009,7
20010,5
20011,5
20012,7
20013,5
20014,6
20015,7
20016,5
20017,5
20018,5
20019,7
20020,5
20021,7
20022,7
20023,5
20024,6
20025,6
20026,7
20027,5
20028,5
20029,7
20030,5
20031,5
20032,5
20033,6
20034,5
20035,6
20036,5
20037,5
20038,5
20039,5
20040,5
20041,6
20042,5
20043,6
20044,6
20045,6
20046,6
20047,5
20048,6
20049,5
20050,5
20051,7
20052,6
20053,5
20054,7
20055,7
20056,5
20057,5
20058,5
20059,7
20060,5
20061,5
20062,7
20063,5
20064,5
20065,6
20066,5
20067,7
20068,5
20069,5
20070,5
20071,6
20072,5
20073,5
20074,6
20075,7
20076,5
20077,6
20078,5
20079,5
20080,5
20081,6
20082,6
20083,6
20084,7
20085,5
20086,6
20087,5
20088,7
20089,5
20090,5
20091,6
20092,5
20093,7
20094,5
20095,5
20096,5
20097,5
20098,5
20099,5
20100,5
20101,7
20102,5
20103,5
20104,6
20105,5
20106,6
20107,6
20108,7
20109,5
20110,5
20111,5
20112,5
20113,5
20114,5
20115,6
20116,5
20117,5
20118,6
20119,5
20120,7
20121,5
20122,7
20123,6
20124,5
20125,5
20126,7
20127,5
20128,5
20129,5
20130,5
20131,5
20132,5
20133,5
20134,5
20135,5
20136,6
20137,5
20138,5
20139,5
20140,6
20141,5
20142,7
20143,5
20144,5
20145,7
20146,6
20147,5
20148,6
20149,6
20150,6
20151,5
20152,7
20153,5
20154,5
20155,5
20156,6
20157,5
20158,7
20159,5
20160,7
20161,5
20162,5
20163,6
20164,5
20165,6
20166,5
20167,5
20168,5
20169,5
20170,5
20171,5
20172,7
20173,6
20174,5
20175,5
20176,5
20177,7
20178,6
20179,6
20180,5
20181,5
20182,7
20183,6
20184,5
20185,5
20186,5
20187,6
20188,5
20189,5
20190,6
20191,6
20192,5
20193,5
20194,5
20195,5
20196,5
20197,5
20198,5
20199,7
20200,5
20201,5
20202,7
20203,5
20204,5
20205,7
20206,5
20207,5
20208,7
20209,7
20210,5
20211,5
20212,5
20213,7
20214,5
20215,5
20216,6
20217,5
20218,7
20219,5
20220,5
20221,5
20222,5
20223,7
20224,5
20225,7
20226,5
20227,5
20228,6
20229,5
20230,5
20231,5
20232,5
20233,5
20234,5
20235,7
20236,5
20237,5
20238,5
20239,7
20240,5
20241,6
20242,5
20243,5
20244,7
20245,5
20246,6
20247,5
20248,5
20249,5
20250,7
20251,5
20252,6
20253,5
20254,6
20255,5
20256,5
20257,5
20258,6
20259,5
20260,5
20261,5
20262,6
20263,6
20264,5
20265,6
20266,5
20267,5
20268,5
20269,5
20270,7
20271,7
20272,5
20273,5
20274,5
20275,6
20276,5
20277,5
20278,5
20279,7
20280,5
20281,5
20282,5
20283,5
20284,5
20285,7
20286,7
20287,6
20288,6
20289,7
20290,5
20291,5
20292,5
20293,7
20294,5
20295,5
20296,7
20297,7
20298,6
20299,5
20300,6
20301,5
20302,7
20303,5
20304,6
20305,5
20306,5
20307,5
20308,7
20309,6
20310,7
20311,5
20312,6
20313,7
20314,5
20315,5
20316,5
20317,5
20318,6
20319,6
20320,6
20321,5
20322,7
20323,5
20324,5
20325,5
20326,5
20327,7
20328,5
20329,5
20330,5
20331,5
20332,5
20333,5
20334,6
20335,5
20336,7
20337,7
20338,5
20339,5
20340,7
20341,7
20342,5
20343,5
20344,5
20345,5
20346,5
20347,5
20348,7
20349,5
20350,6
20351,5
20352,5
20353,5
20354,7
20355,7
20356,7
20357,5
20358,6
20359,7
20360,5
20361,7
20362,6
20363,5
20364,7
20365,5
20366,5
20367,7
20368,5
20369,5
20370,5
20371,5
20372,7
20373,5
20374,5
20375,6
20376,5
20377,5
20378,6
20379,6
20380,6
20381,6
20382,7
20383,7
20384,5
20385,5
20386,5
20387,5
20388,5
20389,5
20390,5
20391,6
20392,5
20393,5
20394,5
20395,5
20396,7
20397,7
20398,7
20399,5
20400,6
20401,6
20402,5
20403,7
20404,6
20405,7
20406,5
20407,5
20408,5
20409,5
20410,5
20411,5
20412,5
20413,7
20414,6
20415,5
20416,5
20417,7
20418,5
20419,5
20420,5
20421,5
20422,7
20423,5
20424,5
20425,5
20426,5
20427,5
20428,5
20429,7
20430,5
20431,5
20432,7
20433,7
20434,5
20435,5
20436,5
20437,7
20438,6
20439,7
20440,5
20441,5
20442,5
20443,5
20444,6
20445,5
20446,7
20447,5
20448,5
20449,7
20450,5
20451,5
20452,5
20453,5
20454,5
20455,5
20456,5
20457,5
20458,5
20459,6
20460,5
20461,5
20462,6
20463,5
20464,7
20465,5
20466,5
20467,7
20468,6
20469,5
20470,6
20471,6
20472,7
20473,7
20474,7
20475,5
20476,6
20477,7
20478,6
20479,7
20480,7
20481,7
20482,5
20483,5
20484,5
20485,5
20486,5
20487,7
20488,6
20489,5
20490,7
20491,6
20492,6
20493,5
20494,5
20495,5
20496,5
20497,5
20498,5
20499,7
20500,7
20501,5
20502,5
20503,5
20504,6
20505,7
20506,7
20507,7
20508,5
20509,6
20510,5
20511,7
20512,6
20513,7
20514,5
20515,7
20516,7
20517,5
20518,7
20519,5
20520,6
20521,5
20522,5
20523,5
20524,5
20525,5
20526,5
20527,6
20528,5
20529,6
20530,6
20531,5
20532,6
20533,5
20534,5
20535,5
20536,6
20537,7
20538,5
20539,5
20540,6
20541,6
20542,6
20543,7
20544,7
20545,5
20546,5
20547,5
20548,7
20549,5
20550,6
20551,6
20552,5
20553,6
20554,5
20555,5
20556,6
20557,6
20558,5
20559,7
20560,5
20561,5
20562,6
20563,6
20564,5
20565,5
20566,5
20567,5
20568,6
20569,7
20570,6
20571,6
20572,5
20573,6
20574,5
20575,5
20576,6
20577,5
20578,6
20579,7
20580,7
20581,5
20582,7
20583,7
20584,5
20585,6
20586,5
20587,5
20588,5
20589,6
20590,7
20591,6
20592,5
20593,5
20594,5
20595,6
20596,5
20597,7
20598,6
20599,5
20600,6
20601,6
20602,6
20603,5
20604,5
20605,6
20606,5
20607,5
20608,5
20609,7
20610,5
20611,5
20612,5
20613,5
20614,5
20615,6
20616,5
20617,5
20618,6
20619,5
20620,5
20621,6
20622,7
20623,7
20624,7
20625,5
20626,5
20627,5
20628,7
20629,6
20630,5
20631,5
20632,5
20633,5
20634,6
20635,6
20636,6
20637,6
20638,6
20639,5
20640,7
20641,5
20642,5
20643,5
20644,5
20645,5
20646,6
20647,7
20648,6
20649,6
20650,5
20651,7
20652,6
20653,5
20654,5
20655,6
20656,5
20657,6
20658,7
20659,6
20660,5
20661,7
20662,5
20663,5
20664,7
20665,5
20666,7
20667,7
20668,7
20669,5
20670,5
20671,7
20672,6
20673,5
20674,5
20675,5
20676,6
20677,7
20678,5
20679,5
20680,5
20681,6
20682,7
20683,7
20684,7
20685,6
20686,6
20687,5
20688,6
20689,5
20690,5
20691,7
20692,7
20693,6
20694,5
20695,5
20696,5
20697,5
20698,5
20699,7
20700,5
20701,7
20702,6
20703,7
20704,5
20705,5
20706,5
20707,6
20708,5
20709,5
20710,5
20711,6
20712,5
20713,5
20714,5
20715,5
20716,7
20717,5
20718,5
20719,7
20720,5
20721,5
20722,5
20723,5
20724,5
20725,5
20726,6
20727,5
20728,5
20729,5
20730,5
20731,7
20732,5
20733,5
20734,5
20735,6
20736,5
20737,5
20738,5
20739,7
20740,6
20741,5
20742,5
20743,5
20744,5
20745,7
20746,5
20747,5
20748,7
20749,5
20750,5
20751,5
20752,5
20753,5
20754,7
20755,6
20756,5
20757,5
20758,6
20759,5
20760,7
20761,5
20762,5
20763,7
20764,6
20765,5
20766,5
20767,6
20768,5
20769,7
20770,7
20771,7
20772,5
20773,7
20774,7
20775,6
20776,5
20777,5
20778,6
20779,6
20780,6
20781,5
20782,7
20783,5
20784,5
20785,5
20786,7
20787,5
20788,5
20789,6
20790,5
20791,5
20792,5
20793,5
20794,6
20795,5
20796,7
20797,5
20798,5
20799,7
20800,5
20801,5
20802,7
20803,5
20804,5
20805,7
20806,7
20807,5
20808,6
20809,5
20810,5
20811,5
20812,5
20813,6
20814,5
20815,5
20816,5
20817,6
20818,5
20819,5
20820,7
20821,5
20822,6
20823,7
20824,5
20825,5
20826,7
20827,5
20828,5
20829,5
20830,6
20831,7
20832,7
20833,7
20834,5
20835,5
20836,5
20837,6
20838,5
20839,6
20840,6
20841,5
20842,5
20843,5
20844,5
20845,7
20846,5
20847,5
20848,6
20849,5
20850,5
20851,5
20852,5
20853,5
20854,5
20855,5
20856,5
20857,7
20858,5
20859,5
20860,5
20861,5
20862,7
20863,7
20864,5
20865,6
20866,5
20867,5
20868,7
20869,5
20870,5
20871,7
20872,5
20873,5
20874,6
20875,7
20876,5
20877,5
20878,5
20879,5
20880,5
20881,7
20882,7
20883,6
20884,5
20885,5
20886,5
20887,5
20888,7
20889,6
20890,6
20891,6
20892,5
20893,5
20894,7
20895,5
20896,7
20897,5
20898,7
20899,5
20900,5
20901,5
20902,5
20903,6
20904,5
20905,5
20906,5
20907,6
20908,5
20909,5
20910,5
20911,5
20912,7
20913,6
20914,5
20915,7
20916,7
20917,5
20918,5
20919,5
20920,7
20921,5
20922,5
20923,5
20924,5
20925,5
20926,7
20927,7
20928,5
20929,5
20930,5
20931,5
20932,6
20933,5
20934,5
20935,7
20936,7
20937,5
20938,5
20939,6
20940,5
20941,7
20942,7
20943,5
20944,5
20945,6
20946,5
20947,7
20948,5
20949,6
20950,6
20951,5
20952,6
20953,6
20954,7
20955,5
20956,7
20957,7
20958,5
20959,5
20960,5
20961,5
20962,7
20963,6
20964,7
20965,5
20966,7
20967,7
20968,5
20969,5
20970,5
20971,7
20972,5
20973,6
20974,7
20975,6
20976,5
20977,6
20978,5
20979,5
20980,5
20981,6
20982,5
20983,5
20984,6
20985,5
20986,7
20987,5
20988,7
20989,6
20990,5
20991,5
20992,7
20993,6
20994,5
20995,5
20996,7
20997,5
20998,6
20999,6
21000,7
21001,7
21002,5
21003,6
21004,6
21005,6
21006,5
21007,6
21008,5
21009,5
21010,6
21011,7
21012,7
21013,5
21014,5
21015,7
21016,5
21017,5
21018,5
21019,5
21020,7
21021,5
21022,5
21023,6
21024,6
21025,5
21026,6
21027,6
21028,5
21029,5
21030,5
21031,5
21032,5
21033,6
21034,5
21035,5
21036,7
21037,5
21038,5
21039,5
21040,7
21041,5
21042,5
21043,7
21044,5
21045,5
21046,7
21047,6
21048,5
21049,6
21050,5
21051,7
21052,7
21053,7
21054,5
21055,5
21056,5
21057,7
21058,5
21059,5
21060,5
21061,7
21062,5
21063,5
21064,5
21065,5
21066,5
21067,5
21068,5
21069,6
21070,5
21071,7
21072,5
21073,5
21074,7
21075,6
21076,5
21077,5
21078,5
21079,5
21080,5
21081,5
21082,6
21083,5
21084,5
21085,7
21086,6
21087,7
21088,7
21089,7
21090,5
21091,7
21092,5
21093,5
21094,5
21095,5
21096,7
21097,5
21098,5
21099,5
21100,5
21101,5
21102,5
21103,6
21104,5
21105,5
21106,5
21107,7
21108,6
21109,6
21110,5
21111,5
21112,5
21113,7
21114,5
21115,6
21116,7
21117,5
21118,5
21119,5
21120,7
21121,5
21122,7
21123,5
21124,6
21125,5
21126,5
21127,7
21128,7
21129,7
21130,6
21131,5
21132,7
21133,5
21134,6
21135,5
21136,5
21137,6
21138,5
21139,5
21140,5
21141,7
21142,7
21143,5
21144,5
21145,5
21146,6
21147,5
21148,5
21149,5
21150,6
21151,5
21152,6
21153,5
21154,5
21155,5
21156,5
21157,7
21158,5
21159,5
21160,5
21161,5
21162,5
21163,7
21164,5
21165,5
21166,5
21167,5
21168,7
21169,5
21170,5
21171,6
21172,6
21173,5
21174,5
21175,7
21176,6
21177,7
21178,5
21179,5
21180,7
21181,6
21182,5
21183,5
21184,5
21185,5
21186,5
21187,7
21188,6
21189,5
21190,6
21191,6
21192,5
21193,5
21194,6
21195,7
21196,5
21197,7
21198,6
21199,5
21200,5
21201,5
21202,5
21203,7
21204,5
21205,5
21206,6
21207,5
21208,5
21209,5
21210,5
21211,5
21212,7
21213,5
21214,7
21215,5
21216,5
21217,6
21218,5
21219,7
21220,5
21221,7
21222,5
21223,5
21224,5
21225,5
21226,6
21227,5
21228,6
21229,6
21230,5
21231,5
21232,5
21233,7
21234,5
21235,7
21236,5
21237,5
21238,5
21239,5
21240,6
21241,5
21242,5
21243,6
21244,5
21245,6
21246,5
21247,5
21248,5
21249,5
21250,5
21251,5
21252,5
21253,7
21254,5
21255,7
21256,6
21257,5
21258,7
21259,7
21260,6
21261,5
21262,5
21263,7
21264,5
21265,7
21266,6
21267,5
21268,5
21269,7
21270,5
21271,7
21272,5
21273,5
21274,7
21275,6
21276,6
21277,5
21278,5
21279,5
21280,7
21281,7
21282,7
21283,7
21284,5
21285,5
21286,5
21287,5
21288,5
21289,5
21290,5
21291,7
21292,5
21293,5
21294,5
21295,5
21296,6
21297,7
21298,6
21299,6
21300,5
21301,5
21302,6
21303,7
21304,7
21305,6
21306,5
21307,6
21308,6
21309,5
21310,5
21311,5
21312,5
21313,6
21314,7
21315,5
21316,5
21317,7
21318,5
21319,7
21320,5
21321,5
21322,6
21323,7
21324,5
21325,6
21326,5
21327,5
21328,5
21329,7
21330,5
21331,5
21332,5
21333,5
21334,5
21335,6
21336,5
21337,7
21338,5
21339,5
21340,5
21341,5
21342,5
21343,7
21344,7
21345,5
21346,5
21347,6
21348,5
21349,5
21350,5
21351,7
21352,6
21353,6
21354,5
21355,5
21356,5
21357,5
21358,5
21359,7
21360,5
21361,7
21362,5
21363,5
21364,5
21365,7
21366,5
21367,5
21368,5
21369,7
21370,5
21371,5
21372,7
21373,5
21374,5
21375,5
21376,5
21377,7
21378,6
21379,5
21380,6
21381,5
21382,6
21383,5
21384,5
21385,7
21386,6
21387,5
21388,5
21389,6
21390,6
21391,5
21392,5
21393,5
21394,5
21395,5
21396,6
21397,7
21398,5
21399,7
21400,5
21401,5
21402,7
21403,7
21404,5
21405,5
21406,5
21407,5
21408,5
21409,7
21410,5
21411,5
21412,6
21413,5
21414,7
21415,5
21416,5
21417,6
21418,5
21419,6
21420,5
21421,7
21422,5
21423,5
21424,5
21425,5
21426,7
21427,5
21428,5
21429,7
21430,5
21431,7
21432,5
21433,6
21434,5
21435,7
21436,5
21437,5
21438,5
21439,5
21440,5
21441,7
21442,7
21443,5
21444,5
21445,5
21446,5
21447,5
21448,5
21449,5
21450,5
21451,5
21452,5
21453,7
21454,5
21455,5
21456,5
21457,6
21458,5
21459,5
21460,5
21461,5
21462,5
21463,5
21464,5
21465,5
21466,5
21467,5
21468,5
21469,5
21470,5
21471,7
21472,5
21473,5
21474,6
21475,6
21476,5
21477,5
21478,5
21479,6
21480,7
21481,6
21482,7
21483,5
21484,7
21485,5
21486,5
21487,6
21488,5
21489,5
21490,7
21491,7
21492,5
21493,6
21494,5
21495,5
21496,7
21497,5
21498,5
21499,7
21500,5
21501,5
21502,7
21503,5
21504,6
21505,5
21506,5
21507,6
21508,6
21509,7
21510,6
21511,5
21512,5
21513,5
21514,5
21515,5
21516,5
21517,7
21518,5
21519,5
21520,6
21521,5
21522,5
21523,7
21524,5
21525,5
21526,5
21527,7
21528,5
21529,7
21530,5
21531,5
21532,6
21533,5
21534,5
21535,7
21536,5
21537,6
21538,7
21539,5
21540,5
21541,5
21542,7
21543,5
21544,5
21545,6
21546,5
21547,5
21548,6
21549,5
21550,5
21551,5
21552,6
21553,5
21554,5
21555,5
21556,5
21557,5
21558,5
21559,5
21560,7
21561,5
21562,5
21563,5
21564,7
21565,5
21566,7
21567,5
21568,7
21569,5
21570,5
21571,5
21572,5
21573,5
21574,7
21575,5
21576,7
21577,5
21578,5
21579,5
21580,6
21581,5
21582,5
21583,5
21584,7
21585,6
21586,5
21587,6
21588,7
21589,6
21590,5
21591,5
21592,5
21593,7
21594,6
21595,5
21596,7
21597,7
21598,5
21599,5
21600,5
21601,5
21602,7
21603,5
21604,6
21605,7
21606,5
21607,5
21608,6
21609,5
21610,6
21611,5
21612,7
21613,5
21614,6
21615,5
21616,5
21617,6
21618,5
21619,6
21620,7
21621,5
21622,6
21623,7
21624,6
21625,5
21626,7
21627,6
21628,5
21629,5
21630,6
21631,7
21632,5
21633,7
21634,6
21635,6
21636,5
21637,5
21638,6
21639,5
21640,5
21641,5
21642,5
21643,5
21644,5
21645,6
21646,7
21647,7
21648,6
21649,6
21650,5
21651,5
21652,7
21653,6
21654,5
21655,5
21656,6
21657,5
21658,6
21659,5
21660,5
21661,5
21662,7
21663,6
21664,5
21665,7
21666,5
21667,5
21668,6
21669,5
21670,7
21671,6
21672,5
21673,5
21674,6
21675,5
21676,6
21677,7
21678,6
21679,5
21680,6
21681,6
21682,5
21683,5
21684,5
21685,5
21686,5
21687,5
21688,7
21689,7
21690,7
21691,5
21692,7
21693,5
21694,5
21695,5
21696,5
21697,6
21698,6
21699,5
21700,5
21701,5
21702,5
21703,7
21704,5
21705,6
21706,6
21707,5
21708,7
21709,5
21710,5
21711,5
21712,5
21713,7
21714,6
21715,5
21716,5
21717,5
21718,6
21719,7
21720,7
21721,7
21722,5
21723,6
21724,7
21725,6
21726,7
21727,6
21728,6
21729,5
21730,5
21731,6
21732,5
21733,5
21734,6
21735,7
21736,7
21737,5
21738,6
21739,7
21740,5
21741,5
21742,7
21743,6
21744,5
21745,5
21746,7
21747,6
21748,7
21749,5
21750,5
21751,5
21752,6
21753,5
21754,5
21755,5
21756,5
21757,5
21758,5
21759,6
21760,7
21761,7
21762,6
21763,6
21764,7
21765,5
21766,7
21767,5
21768,5
21769,5
21770,5
21771,5
21772,5
21773,5
21774,5
21775,7
21776,5
21777,5
21778,5
21779,5
21780,5
21781,5
21782,7
21783,5
21784,7
21785,7
21786,6
21787,6
21788,5
21789,5
21790,6
21791,7
21792,6
21793,5
21794,5
21795,6
21796,5
21797,6
21798,5
21799,7
21800,5
21801,6
21802,7
21803,5
21804,5
21805,5
21806,7
21807,5
21808,7
21809,6
21810,5
21811,6
21812,5
21813,5
21814,5
21815,5
21816,6
21817,5
21818,5
21819,5
21820,6
21821,6
21822,6
21823,5
21824,6
21825,5
21826,6
21827,5
21828,5
21829,7
21830,5
21831,5
21832,7
21833,5
21834,5
21835,5
21836,6
21837,5
21838,5
21839,7
21840,5
21841,5
21842,6
21843,5
21844,7
21845,5
21846,5
21847,5
21848,7
21849,5
21850,5
21851,7
21852,5
21853,5
21854,5
21855,6
21856,5
21857,5
21858,5
21859,6
21860,6
21861,7
21862,5
21863,7
21864,5
21865,5
21866,5
21867,7
21868,5
21869,5
21870,7
21871,7
21872,6
21873,7
21874,5
21875,6
21876,5
21877,5
21878,7
21879,7
21880,5
21881,5
21882,6
21883,5
21884,5
21885,5
21886,7
21887,5
21888,5
21889,5
21890,5
21891,5
21892,5
21893,5
21894,5
21895,7
21896,5
21897,5
21898,5
21899,7
21900,5
21901,5
21902,6
21903,6
21904,7
21905,6
21906,5
21907,5
21908,5
21909,6
21910,5
21911,5
21912,5
21913,5
21914,7
21915,5
21916,6
21917,5
21918,6
21919,5
21920,7
21921,5
21922,5
21923,5
21924,5
21925,5
21926,6
21927,5
21928,5
21929,5
21930,5
21931,5
21932,5
21933,5
21934,6
21935,5
21936,5
21937,5
21938,5
21939,7
21940,6
21941,5
21942,5
21943,5
21944,5
21945,5
21946,6
21947,5
21948,5
21949,5
21950,5
21951,6
21952,5
21953,7
21954,5
21955,5
21956,7
21957,5
21958,5
21959,5
21960,5
21961,5
21962,5
21963,7
21964,6
21965,5
21966,5
21967,7
21968,7
21969,7
21970,5
21971,5
21972,7
21973,6
21974,5
21975,5
21976,5
21977,6
21978,6
21979,5
21980,6
21981,5
21982,7
21983,6
21984,7
21985,7
21986,7
21987,5
21988,5
21989,5
21990,6
21991,6
21992,5
21993,7
21994,7
21995,5
21996,5
21997,7
21998,5
21999,7
22000,7
22001,6
22002,5
22003,5
22004,5
22005,5
22006,5
22007,7
22008,6
22009,5
22010,5
22011,5
22012,5
22013,5
22014,5
22015,7
22016,6
22017,5
22018,5
22019,7
22020,5
22021,5
22022,7
22023,5
22024,7
22025,7
22026,7
22027,6
22028,5
22029,7
22030,5
22031,5
22032,5
22033,5
22034,5
22035,6
22036,7
22037,5
22038,7
22039,7
22040,5
22041,5
22042,5
22043,7
22044,5
22045,5
22046,5
22047,5
22048,5
22049,5
22050,5
22051,6
22052,5
22053,5
22054,5
22055,5
22056,7
22057,5
22058,6
22059,6
22060,6
22061,5
22062,7
22063,5
22064,6
22065,5
22066,7
22067,6
22068,5
22069,7
22070,5
22071,5
22072,7
22073,5
22074,7
22075,5
22076,6
22077,5
22078,5
22079,5
22080,5
22081,7
22082,5
22083,5
22084,5
22085,6
22086,7
22087,5
22088,5
22089,7
22090,7
22091,7
22092,6
22093,6
22094,5
22095,5
22096,7
22097,5
22098,7
22099,6
22100,7
22101,5
22102,5
22103,6
22104,5
22105,5
22106,5
22107,6
22108,7
22109,5
22110,7
22111,5
22112,6
22113,5
22114,7
22115,5
22116,5
22117,5
22118,6
22119,6
22120,5
22121,5
22122,5
22123,7
22124,5
22125,6
22126,7
22127,6
22128,7
22129,6
22130,5
22131,7
22132,5
22133,5
22134,6
22135,6
22136,7
22137,5
22138,5
22139,5
22140,5
22141,6
22142,5
22143,7
22144,7
22145,5
22146,6
22147,7
22148,7
22149,5
22150,7
22151,5
22152,6
22153,5
22154,5
22155,5
22156,6
22157,6
22158,6
22159,5
22160,5
22161,5
22162,7
22163,5
22164,7
22165,5
22166,7
22167,5
22168,5
22169,5
22170,5
22171,7
22172,7
22173,5
22174,7
22175,6
22176,7
22177,5
22178,5
22179,5
22180,5
22181,5
22182,5
22183,5
22184,5
22185,7
22186,5
22187,5
22188,5
22189,7
22190,5
22191,5
22192,5
22193,5
22194,5
22195,6
22196,5
22197,7
22198,5
22199,5
22200,5
22201,7
22202,6
22203,5
22204,7
22205,5
22206,5
22207,6
22208,5
22209,7
22210,5
22211,6
22212,6
22213,6
22214,6
22215,6
22216,5
22217,5
22218,5
22219,5
22220,5
22221,5
22222,5
22223,7
22224,7
22225,5
22226,7
22227,7
22228,5
22229,6
22230,7
22231,6
22232,6
22233,6
22234,5
22235,5
22236,5
22237,7
22238,5
22239,5
22240,7
22241,5
22242,5
22243,5
22244,6
22245,7
22246,5
22247,5
22248,6
22249,7
22250,5
22251,6
22252,5
22253,5
22254,5
22255,7
22256,5
22257,6
22258,5
22259,5
22260,6
22261,6
22262,5
22263,5
22264,5
22265,7
22266,5
22267,5
22268,7
22269,5
22270,5
22271,5
22272,6
22273,6
22274,6
22275,5
22276,7
22277,7
22278,5
22279,6
22280,5
22281,5
22282,5
22283,5
22284,5
22285,5
22286,5
22287,5
22288,7
22289,5
22290,6
22291,5
22292,7
22293,5
22294,7
22295,5
22296,5
22297,7
22298,5
22299,7
22300,5
22301,5
22302,5
22303,5
22304,5
22305,7
22306,5
22307,6
22308,5
22309,5
22310,6
22311,7
22312,5
22313,5
22314,5
22315,7
22316,6
22317,5
22318,5
22319,5
22320,7
22321,7
22322,5
22323,7
22324,5
22325,5
22326,5
22327,5
22328,5
22329,5
22330,5
22331,5
22332,6
22333,5
22334,7
22335,5
22336,6
22337,6
22338,6
22339,5
22340,7
22341,7
22342,5
22343,5
22344,5
22345,5
22346,6
22347,5
22348,7
22349,5
22350,6
22351,5
22352,5
22353,5
22354,5
22355,6
22356,5
22357,6
22358,7
22359,5
22360,6
22361,7
22362,5
22363,6
22364,5
22365,5
22366,5
22367,5
22368,5
22369,7
22370,5
22371,5
22372,6
22373,5
22374,5
22375,5
22376,7
22377,6
22378,7
22379,6
22380,5
22381,5
22382,6
22383,6
22384,7
22385,6
22386,5
22387,5
22388,5
22389,5
22390,7
22391,5
22392,5
22393,5
22394,5
22395,5
22396,5
22397,6
22398,7
22399,7
22400,5
22401,5
22402,5
22403,5
22404,7
22405,5
22406,5
22407,5
22408,5
22409,5
22410,5
22411,6
22412,7
22413,5
22414,5
22415,5
22416,7
22417,5
22418,6
22419,6
22420,5
22421,5
22422,6
22423,5
22424,5
22425,7
22426,5
22427,7
22428,5
22429,5
22430,5
22431,5
22432,5
22433,5
22434,5
22435,6
22436,7
22437,6
22438,5
22439,5
22440,5
22441,7
22442,5
22443,7
22444,6
22445,5
22446,6
22447,7
22448,5
22449,5
22450,5
22451,5
22452,5
22453,7
22454,6
22455,5
22456,5
22457,6
22458,5
22459,5
22460,5
22461,6
22462,6
22463,7
22464,6
22465,7
22466,6
22467,5
22468,5
22469,5
22470,5
22471,5
22472,5
22473,5
22474,5
22475,5
22476,5
22477,5
22478,7
22479,6
22480,7
22481,7
22482,7
22483,6
22484,5
22485,5
22486,7
22487,6
22488,5
22489,6
22490,5
22491,6
22492,5
22493,7
22494,7
22495,7
22496,7
22497,7
22498,6
22499,5
22500,5
22501,5
22502,7
22503,5
22504,5
22505,6
22506,5
22507,7
22508,5
22509,6
22510,6
22511,5
22512,5
22513,6
22514,7
22515,5
22516,5
22517,5
22518,5
22519,7
22520,7
22521,5
22522,5
22523,5
22524,7
22525,6
22526,5
22527,7
22528,6
22529,7
22530,5
22531,5
22532,5
22533,5
22534,5
22535,5
22536,5
22537,5
22538,5
22539,7
22540,5
22541,5
22542,5
22543,5
22544,6
22545,5
22546,7
22547,7
22548,5
22549,5
22550,5
22551,6
22552,5
22553,5
22554,7
22555,7
22556,5
22557,5
22558,5
22559,5
22560,5
22561,7
22562,7
22563,5
22564,5
22565,5
22566,5
22567,5
22568,5
22569,7
22570,5
22571,5
22572,5
22573,7
22574,5
22575,7
22576,5
22577,6
22578,6
22579,5
22580,7
22581,5
22582,5
22583,5
22584,6
22585,5
22586,7
22587,7
22588,7
22589,5
22590,7
22591,5
22592,5
22593,5
22594,5
22595,6
22596,5
22597,5
22598,6
22599,6
22600,5
22601,6
22602,6
22603,6
22604,6
22605,5
22606,7
22607,6
22608,6
22609,5
22610,5
22611,5
22612,5
22613,5
22614,7
22615,5
22616,6
22617,5
22618,5
22619,7
22620,7
22621,6
22622,5
22623,5
22624,5
22625,5
22626,5
22627,7
22628,6
22629,5
22630,5
22631,7
22632,5
22633,5
22634,5
22635,5
22636,5
22637,6
22638,7
22639,6
22640,5
22641,6
22642,5
22643,5
22644,7
22645,5
22646,5
22647,6
22648,6
22649,7
22650,7
22651,6
22652,5
22653,7
22654,6
22655,7
22656,6
22657,6
22658,6
22659,5
22660,6
22661,5
22662,6
22663,5
22664,5
22665,7
22666,5
22667,6
22668,7
22669,5
22670,5
22671,6
22672,7
22673,6
22674,7
22675,5
22676,5
22677,5
22678,5
22679,5
22680,5
22681,6
22682,5
22683,6
22684,6
22685,5
22686,5
22687,6
22688,7
22689,6
22690,5
22691,5
22692,7
22693,7
22694,5
22695,5
22696,5
22697,7
22698,7
22699,6
22700,6
22701,6
22702,5
22703,5
22704,5
22705,5
22706,5
22707,5
22708,5
22709,5
22710,5
22711,5
22712,5
22713,5
22714,5
22715,5
22716,6
22717,6
22718,6
22719,5
22720,6
22721,6
22722,5
22723,5
22724,7
22725,5
22726,6
22727,5
22728,5
22729,5
22730,5
22731,6
22732,6
22733,7
22734,5
22735,5
22736,5
22737,6
22738,5
22739,5
22740,5
22741,6
22742,5
22743,5
22744,5
22745,7
22746,5
22747,7
22748,6
22749,5
22750,5
22751,5
22752,7
22753,7
22754,5
22755,7
22756,5
22757,6
22758,7
22759,6
22760,7
22761,5
22762,5
22763,5
22764,5
22765,5
22766,6
22767,5
22768,5
22769,5
22770,5
22771,5
22772,5
22773,5
22774,5
22775,7
22776,5
22777,5
22778,7
22779,6
22780,5
22781,5
22782,7
22783,7
22784,5
22785,6
22786,5
22787,5
22788,6
22789,5
22790,5
22791,7
22792,5
22793,5
22794,5
22795,5
22796,5
22797,5
22798,7
22799,7
22800,5
22801,5
22802,6
22803,5
22804,7
22805,5
22806,5
22807,5
22808,5
22809,5
22810,7
22811,7
22812,6
22813,5
22814,7
22815,5
22816,5
22817,5
22818,7
22819,6
22820,5
22821,5
22822,7
22823,6
22824,7
22825,5
22826,6
22827,5
22828,6
22829,5
22830,5
22831,6
22832,7
22833,7
22834,5
22835,7
22836,5
22837,6
22838,7
22839,5
22840,5
22841,5
22842,5
22843,6
22844,6
22845,6
22846,5
22847,5
22848,7
22849,7
22850,7
22851,5
22852,5
22853,6
22854,5
22855,6
22856,6
22857,5
22858,7
22859,7
22860,5
22861,5
22862,5
22863,7
22864,7
22865,6
22866,7
22867,5
22868,5
22869,5
22870,7
22871,5
22872,6
22873,5
22874,7
22875,5
22876,5
22877,5
22878,5
22879,5
22880,5
22881,7
22882,5
22883,7
22884,6
22885,5
22886,5
22887,5
22888,7
22889,5
22890,6
22891,5
22892,5
22893,5
22894,5
22895,6
22896,5
22897,5
22898,6
22899,5
22900,6
22901,5
22902,5
22903,7
22904,7
22905,5
22906,6
22907,7
22908,5
22909,5
22910,5
22911,5
22912,5
22913,7
22914,5
22915,7
22916,7
22917,6
22918,5
22919,5
22920,7
22921,5
22922,5
22923,6
22924,5
22925,5
22926,5
22927,5
22928,6
22929,7
22930,5
22931,5
22932,7
22933,5
22934,5
22935,7
22936,5
22937,5
22938,7
22939,6
22940,5
22941,7
22942,5
22943,5
22944,5
22945,5
22946,5
22947,7
22948,5
22949,5
22950,6
22951,5
22952,5
22953,5
22954,5
22955,5
22956,5
22957,6
22958,6
22959,5
22960,6
22961,5
22962,5
22963,5
22964,5
22965,6
22966,5
22967,5
22968,5
22969,5
22970,7
22971,5
22972,7
22973,7
22974,7
22975,5
22976,6
22977,7
22978,5
22979,5
22980,7
22981,5
22982,5
22983,5
22984,5
22985,5
22986,6
22987,5
22988,5
22989,5
22990,5
22991,5
22992,7
22993,5
22994,5
22995,5
22996,6
22997,6
22998,5
22999,5
23000,6
23001,5
23002,5
23003,5
23004,5
23005,5
23006,5
23007,5
23008,5
23009,5
23010,5
23011,5
23012,5
23013,5
23014,5
23015,5
23016,5
23017,5
23018,7
23019,6
23020,5
23021,6
23022,5
23023,6
23024,5
23025,5
23026,7
23027,5
23028,5
23029,5
23030,6
23031,7
23032,5
23033,5
23034,5
23035,6
23036,6
23037,5
23038,6
23039,5
23040,5
23041,5
23042,5
23043,5
23044,5
23045,7
23046,5
23047,5
23048,6
23049,5
23050,7
23051,5
23052,6
23053,6
23054,5
23055,5
23056,5
23057,5
23058,5
23059,5
23060,5
23061,6
23062,5
23063,5
23064,7
23065,5
23066,5
23067,5
23068,5
23069,5
23070,7
23071,5
23072,6
23073,5
23074,5
23075,5
23076,6
23077,5
23078,5
23079,7
23080,5
23081,5
23082,5
23083,7
23084,5
23085,7
23086,7
23087,5
23088,5
23089,6
23090,5
23091,5
23092,5
23093,6
23094,7
23095,6
23096,5
23097,6
23098,5
23099,6
23100,5
23101,7
23102,5
23103,5
23104,5
23105,7
23106,5
23107,5
23108,7
23109,5
23110,6
23111,5
23112,5
23113,5
23114,5
23115,7
23116,5
23117,5
23118,5
23119,5
23120,5
23121,5
23122,7
23123,5
23124,7
23125,5
23126,7
23127,5
23128,6
23129,5
23130,5
23131,7
23132,6
23133,5
23134,5
23135,6
23136,5
23137,7
23138,5
23139,5
23140,5
23141,7
23142,6
23143,6
23144,7
23145,6
23146,5
23147,5
23148,6
23149,7
23150,5
23151,5
23152,5
23153,5
23154,5
23155,6
23156,7
23157,6
23158,5
23159,5
23160,7
23161,7
23162,6
23163,7
23164,5
23165,5
23166,5
23167,7
23168,5
23169,7
23170,7
23171,7
23172,5
23173,5
23174,5
23175,7
23176,5
23177,7
23178,5
23179,5
23180,5
23181,5
23182,5
23183,5
23184,5
23185,5
23186,5
23187,5
23188,5
23189,5
23190,6
23191,6
23192,5
23193,5
23194,5
23195,5
23196,5
23197,5
23198,5
23199,7
23200,6
23201,7
23202,6
23203,5
23204,6
23205,5
23206,5
23207,5
23208,6
23209,6
23210,5
23211,6
23212,5
23213,5
23214,7
23215,6
23216,5
23217,7
23218,5
23219,5
23220,6
23221,6
23222,5
23223,5
23224,5
23225,7
23226,5
23227,6
23228,5
23229,6
23230,5
23231,5
23232,5
23233,5
23234,5
23235,5
23236,5
23237,6
23238,5
23239,5
23240,5
23241,6
23242,5
23243,5
23244,5
23245,5
23246,7
23247,6
23248,5
23249,5
23250,7
23251,5
23252,5
23253,5
23254,7
23255,6
23256,6
23257,7
23258,5
23259,7
23260,6
23261,6
23262,7
23263,5
23264,5
23265,7
23266,7
23267,5
23268,5
23269,6
23270,5
23271,5
23272,5
23273,5
23274,7
23275,7
23276,5
23277,7
23278,5
23279,5
23280,5
23281,5
23282,5
23283,5
23284,6
23285,7
23286,5
23287,7
23288,5
23289,6
23290,6
23291,5
23292,6
23293,5
23294,5
23295,5
23296,6
23297,6
23298,5
23299,5
23300,7
23301,5
23302,6
23303,6
23304,7
23305,7
23306,7
23307,6
23308,7
23309,6
23310,5
23311,6
23312,6
23313,5
23314,7
23315,5
23316,6
23317,5
23318,6
23319,6
23320,5
23321,5
23322,5
23323,7
23324,5
23325,6
23326,7
23327,5
23328,5
23329,7
23330,5
23331,6
23332,5
23333,5
23334,5
23335,7
23336,5
23337,5
23338,5
23339,5
23340,6
23341,5
23342,5
23343,6
23344,5
23345,5
23346,6
23347,7
23348,6
23349,5
23350,5
23351,5
23352,5
23353,6
23354,6
23355,5
23356,6
23357,5
23358,6
23359,5
23360,5
23361,7
23362,5
23363,5
23364,7
23365,5
23366,5
23367,7
23368,6
23369,5
23370,5
23371,6
23372,5
23373,5
23374,7
23375,5
23376,7
23377,5
23378,7
23379,5
23380,5
23381,6
23382,5
23383,5
23384,6
23385,5
23386,6
23387,5
23388,5
23389,5
23390,7
23391,5
23392,7
23393,5
23394,5
23395,5
23396,5
23397,5
23398,7
23399,5
23400,5
23401,5
23402,5
23403,5
23404,5
23405,7
23406,6
23407,6
23408,5
23409,5
23410,5
23411,7
23412,6
23413,5
23414,5
23415,6
23416,5
23417,5
23418,5
23419,5
23420,7
23421,5
23422,5
23423,5
23424,6
23425,5
23426,5
23427,6
23428,7
23429,5
23430,5
23431,7
23432,7
23433,5
23434,6
23435,6
23436,7
23437,5
23438,5
23439,7
23440,5
23441,5
23442,5
23443,7
23444,5
23445,5
23446,5
23447,5
23448,6
23449,5
23450,5
23451,5
23452,6
23453,5
23454,5
23455,5
23456,5
23457,7
23458,5
23459,5
23460,5
23461,5
23462,5
23463,5
23464,7
23465,5
23466,5
23467,7
23468,7
23469,7
23470,7
23471,5
23472,5
23473,5
23474,5
23475,5
23476,7
23477,5
23478,5
23479,5
23480,7
23481,6
23482,5
23483,7
23484,5
23485,6
23486,7
23487,5
23488,5
23489,5
23490,6
23491,7
23492,5
23493,5
23494,5
23495,7
23496,7
23497,5
23498,7
23499,6
23500,6
23501,5
23502,5
23503,5
23504,6
23505,5
23506,7
23507,7
23508,5
23509,5
23510,7
23511,7
23512,5
23513,5
23514,7
23515,5
23516,6
23517,6
23518,7
23519,6
23520,6
23521,6
23522,5
23523,7
23524,6
23525,5
23526,6
23527,7
23528,7
23529,5
23530,5
23531,5
23532,6
23533,6
23534,6
23535,5
23536,5
23537,5
23538,5
23539,7
23540,5
23541,6
23542,6
23543,5
23544,5
23545,6
23546,6
23547,5
23548,5
23549,5
23550,5
23551,5
23552,5
23553,5
23554,5
23555,7
23556,6
23557,6
23558,6
23559,6
23560,6
23561,7
23562,6
23563,5
23564,6
23565,5
23566,5
23567,7
23568,6
23569,5
23570,6
23571,5
23572,5
23573,5
23574,5
23575,5
23576,7
23577,5
23578,7
23579,7
23580,5
23581,5
23582,5
23583,6
23584,6
23585,6
23586,5
23587,5
23588,7
23589,7
23590,7
23591,5
23592,5
23593,6
23594,5
23595,6
23596,5
23597,5
23598,7
23599,7
23600,5
23601,5
23602,5
23603,6
23604,5
23605,5
23606,7
23607,5
23608,5
23609,5
23610,7
23611,5
23612,5
23613,5
23614,5
23615,6
23616,7
23617,5
23618,5
23619,5
23620,5
23621,5
23622,5
23623,6
23624,5
23625,5
23626,6
23627,6
23628,6
23629,5
23630,7
23631,5
23632,7
23633,5
23634,7
23635,5
23636,7
23637,6
23638,5
23639,5
23640,5
23641,5
23642,5
23643,5
23644,6
23645,5
23646,5
23647,5
23648,5
23649,5
23650,5
23651,5
23652,5
23653,5
23654,6
23655,5
23656,6
23657,7
23658,7
23659,6
23660,5
23661,7
23662,7
23663,5
23664,7
23665,7
23666,5
23667,5
23668,5
23669,7
23670,5
23671,5
23672,7
23673,5
23674,7
23675,7
23676,5
23677,5
23678,5
23679,5
23680,5
23681,7
23682,7
23683,5
23684,7
23685,7
23686,5
23687,6
23688,5
23689,5
23690,5
23691,6
23692,6
23693,5
23694,7
23695,5
23696,5
23697,5
23698,5
23699,7
23700,5
23701,6
23702,6
23703,5
23704,7
23705,6
23706,7
23707,6
23708,7
23709,7
23710,6
23711,6
23712,5
23713,5
23714,6
23715,5
23716,6
23717,5
23718,6
23719,5
23720,6
23721,5
23722,5
23723,5
23724,5
23725,5
23726,5
23727,5
23728,5
23729,7
23730,5
23731,6
23732,7
23733,7
23734,7
23735,7
23736,5
23737,7
23738,5
23739,5
23740,5
23741,5
23742,7
23743,5
23744,5
23745,5
23746,5
23747,7
23748,5
23749,5
23750,6
23751,6
23752,7
23753,5
23754,5
23755,6
23756,5
23757,5
23758,6
23759,5
23760,7
23761,7
23762,5
23763,7
23764,5
23765,5
23766,5
23767,5
23768,6
23769,5
23770,5
23771,5
23772,7
23773,5
23774,5
23775,7
23776,5
23777,7
23778,7
23779,6
23780,7
23781,5
23782,5
23783,6
23784,5
23785,7
23786,6
23787,5
23788,7
23789,5
23790,5
23791,5
23792,5
23793,7
23794,5
23795,6
23796,5
23797,6
23798,5
23799,7
23800,5
23801,6
23802,5
23803,7
23804,5
23805,5
23806,5
23807,6
23808,5
23809,5
23810,5
23811,5
23812,7
23813,5
23814,5
23815,5
23816,5
23817,5
23818,5
23819,7
23820,5
23821,5
23822,5
23823,5
23824,6
23825,6
23826,6
23827,7
23828,5
23829,5
23830,5
23831,5
23832,6
23833,6
23834,7
23835,6
23836,5
23837,6
23838,6
23839,7
23840,6
23841,5
23842,5
23843,5
23844,5
23845,5
23846,7
23847,7
23848,5
23849,7
23850,5
23851,5
23852,5
23853,7
23854,5
23855,6
23856,7
23857,5
23858,6
23859,5
23860,6
23861,5
23862,6
23863,5
23864,5
23865,6
23866,5
23867,7
23868,6
23869,5
23870,7
23871,5
23872,7
23873,5
23874,6
23875,5
23876,5
23877,5
23878,7
23879,7
23880,6
23881,7
23882,5
23883,6
23884,5
23885,5
23886,6
23887,6
23888,6
23889,5
23890,6
23891,5
23892,5
23893,7
23894,6
23895,5
23896,5
23897,5
23898,6
23899,7
23900,5
23901,5
23902,5
23903,5
23904,5
23905,5
23906,5
23907,5
23908,5
23909,5
23910,7
23911,5
23912,5
23913,6
23914,5
23915,5
23916,5
23917,7
23918,5
23919,5
23920,7
23921,6
23922,5
23923,7
23924,6
23925,5
23926,7
23927,6
23928,5
23929,7
23930,5
23931,5
23932,7
23933,7
23934,5
23935,7
23936,7
23937,7
23938,7
23939,5
23940,5
23941,5
23942,5
23943,5
23944,5
23945,5
23946,5
23947,6
23948,5
23949,5
23950,5
23951,5
23952,7
23953,5
23954,7
23955,5
23956,6
23957,7
23958,7
23959,7
23960,7
23961,5
23962,5
23963,7
23964,6
23965,5
23966,7
23967,5
23968,5
23969,5
23970,5
23971,5
23972,5
23973,5
23974,5
23975,6
23976,5
23977,6
23978,7
23979,5
23980,6
23981,5
23982,7
23983,6
23984,5
23985,7
23986,5
23987,6
23988,6
23989,5
23990,6
23991,5
23992,5
23993,5
23994,7
23995,7
23996,5
23997,5
23998,5
23999,5
24000,5
24001,5
24002,5
24003,7
24004,6
24005,6
24006,5
24007,6
24008,6
24009,7
24010,7
24011,5
24012,5
24013,5
24014,7
24015,5
24016,5
24017,6
24018,6
24019,5
24020,6
24021,6
24022,5
24023,6
24024,6
24025,5
24026,5
24027,5
24028,5
24029,7
24030,6
24031,5
24032,5
24033,7
24034,5
24035,5
24036,7
24037,6
24038,5
24039,5
24040,6
24041,7
24042,6
24043,7
24044,5
24045,7
24046,6
24047,5
24048,5
24049,5
24050,5
24051,7
24052,5
24053,5
24054,5
24055,5
24056,5
24057,5
24058,5
24059,5
24060,5
24061,6
24062,5
24063,6
24064,6
24065,7
24066,5
24067,5
24068,5
24069,5
24070,5
24071,7
24072,7
24073,5
24074,7
24075,5
24076,5
24077,5
24078,7
24079,5
24080,5
24081,5
24082,7
24083,5
24084,6
24085,5
24086,5
24087,6
24088,5
24089,5
24090,5
24091,7
24092,5
24093,7
24094,7
24095,5
24096,5
24097,5
24098,6
24099,5
24100,5
24101,5
24102,5
24103,6
24104,7
24105,5
24106,5
24107,5
24108,7
24109,7
24110,6
24111,5
24112,7
24113,5
24114,6
24115,5
24116,5
24117,6
24118,7
24119,7
24120,6
24121,5
24122,5
24123,5
24124,5
24125,5
24126,7
24127,7
24128,6
24129,5
24130,7
24131,7
24132,5
24133,6
24134,7
24135,6
24136,6
24137,7
24138,7
24139,5
24140,5
24141,7
24142,5
24143,5
24144,5
24145,7
24146,7
24147,6
24148,5
24149,7
24150,5
24151,5
24152,5
24153,5
24154,5
24155,5
24156,7
24157,5
24158,5
24159,6
24160,6
24161,7
24162,5
24163,5
24164,7
24165,6
24166,5
24167,5
24168,7
24169,5
24170,5
24171,7
24172,6
24173,5
24174,7
24175,5
24176,5
24177,7
24178,7
24179,5
24180,5
24181,6
24182,5
24183,6
24184,5
24185,5
24186,7
24187,6
24188,5
24189,5
24190,5
24191,5
24192,5
24193,5
24194,6
24195,7
24196,6
24197,5
24198,5
24199,7
24200,5
24201,7
24202,5
24203,5
24204,5
24205,5
24206,5
24207,7
24208,5
24209,7
24210,5
24211,5
24212,6
24213,5
24214,5
24215,5
24216,5
24217,5
24218,5
24219,6
24220,5
24221,6
24222,7
24223,5
24224,7
24225,7
24226,5
24227,5
24228,5
24229,5
24230,5
24231,7
24232,6
24233,5
24234,5
24235,6
24236,7
24237,7
24238,5
24239,7
24240,5
24241,5
24242,5
24243,7
24244,6
24245,5
24246,6
24247,7
24248,5
24249,6
24250,5
24251,5
24252,7
24253,5
24254,5
24255,6
24256,5
24257,6
24258,5
24259,7
24260,5
24261,5
24262,6
24263,5
24264,5
24265,5
24266,6
24267,6
24268,6
24269,5
24270,7
24271,5
24272,5
24273,5
24274,5
24275,5
24276,7
24277,5
24278,5
24279,7
24280,7
24281,7
24282,5
24283,7
24284,5
24285,7
24286,5
24287,7
24288,7
24289,5
24290,5
24291,5
24292,7
24293,5
24294,5
24295,6
24296,6
24297,5
24298,6
24299,5
24300,7
24301,5
24302,7
24303,5
24304,5
24305,5
24306,5
24307,5
24308,5
24309,5
24310,5
24311,5
24312,5
24313,5
24314,5
24315,5
24316,7
24317,7
24318,5
24319,5
24320,5
24321,5
24322,5
24323,7
24324,5
24325,6
24326,5
24327,7
24328,5
24329,5
24330,6
24331,5
24332,5
24333,6
24334,5
24335,5
24336,6
24337,6
24338,5
24339,5
24340,5
24341,7
24342,6
24343,7
24344,5
24345,5
24346,7
24347,6
24348,5
24349,5
24350,7
24351,5
24352,5
24353,5
24354,5
24355,5
24356,6
24357,6
24358,7
24359,5
24360,7
24361,5
24362,6
24363,7
24364,7
24365,5
24366,5
24367,7
24368,5
24369,5
24370,5
24371,6
24372,5
24373,5
24374,5
24375,6
24376,5
24377,5
24378,5
24379,6
24380,5
24381,6
24382,6
24383,6
24384,5
24385,5
24386,7
24387,5
24388,5
24389,6
24390,5
24391,5
24392,5
24393,5
24394,5
24395,5
24396,5
24397,7
24398,5
24399,7
24400,6
24401,5
24402,6
24403,5
24404,5
24405,5
24406,5
24407,5
24408,5
24409,5
24410,5
24411,5
24412,5
24413,5
24414,5
24415,6
24416,5
24417,5
24418,5
24419,5
24420,7
24421,5
24422,5
24423,5
24424,5
24425,5
24426,5
24427,5
24428,5
24429,5
24430,7
24431,5
24432,5
24433,5
24434,5
24435,6
24436,5
24437,5
24438,7
24439,6
24440,5
24441,7
24442,6
24443,5
24444,7
24445,5
24446,7
24447,5
24448,7
24449,6
24450,7
24451,5
24452,6
24453,5
24454,5
24455,5
24456,5
24457,5
24458,7
24459,5
24460,6
24461,5
24462,5
24463,6
24464,6
24465,6
24466,5
24467,5
24468,5
24469,5
24470,7
24471,6
24472,6
24473,5
24474,5
24475,5
24476,7
24477,7
24478,6
24479,5
24480,5
24481,7
24482,5
24483,5
24484,6
24485,7
24486,5
24487,5
24488,5
24489,5
24490,7
24491,6
24492,5
24493,7
24494,5
24495,7
24496,7
24497,7
24498,7
24499,5
24500,5
24501,5
24502,6
24503,5
24504,5
24505,6
24506,7
24507,5
24508,5
24509,6
24510,5
24511,7
24512,5
24513,5
24514,6
24515,5
24516,7
24517,5
24518,5
24519,7
24520,5
24521,5
24522,5
24523,5
24524,7
24525,5
24526,5
24527,6
24528,6
24529,5
24530,7
24531,5
24532,5
24533,5
24534,5
24535,6
24536,5
24537,5
24538,6
24539,5
24540,5
24541,5
24542,6
24543,5
24544,5
24545,7
24546,7
24547,7
24548,7
24549,5
24550,6
24551,5
24552,5
24553,5
24554,5
24555,5
24556,5
24557,5
24558,5
24559,5
24560,5
24561,5
24562,5
24563,7
24564,7
24565,5
24566,7
24567,5
24568,7
24569,7
24570,7
24571,6
24572,5
24573,6
24574,7
24575,5
24576,6
24577,5
24578,7
24579,5
24580,6
24581,5
24582,7
24583,5
24584,5
24585,5
24586,7
24587,5
24588,5
24589,6
24590,7
24591,5
24592,7
24593,5
24594,5
24595,5
24596,7
24597,6
24598,5
24599,7
24600,5
24601,5
24602,5
24603,7
24604,5
24605,6
24606,5
24607,5
24608,7
24609,5
24610,7
24611,5
24612,5
24613,7
24614,6
24615,7
24616,5
24617,7
24618,7
24619,5
24620,5
24621,5
24622,5
24623,5
24624,5
24625,7
24626,5
24627,6
24628,5
24629,5
24630,5
24631,5
24632,5
24633,7
24634,5
24635,7
24636,6
24637,7
24638,5
24639,5
24640,7
24641,7
24642,7
24643,5
24644,5
24645,5
24646,6
24647,6
24648,5
24649,7
24650,7
24651,5
24652,5
24653,5
24654,5
24655,5
24656,5
24657,7
24658,7
24659,5
24660,5
24661,7
24662,6
24663,5
24664,6
24665,7
24666,5
24667,7
24668,5
24669,5
24670,5
24671,5
24672,7
24673,5
24674,5
24675,5
24676,6
24677,6
24678,5
24679,5
24680,5
24681,7
24682,6
24683,5
24684,6
24685,5
24686,5
24687,5
24688,5
24689,7
24690,5
24691,5
24692,5
24693,5
24694,5
24695,5
24696,5
24697,6
24698,5
24699,5
24700,5
24701,5
24702,5
24703,7
24704,5
24705,7
24706,5
24707,7
24708,5
24709,5
24710,5
24711,5
24712,5
24713,5
24714,5
24715,5
24716,5
24717,5
24718,5
24719,5
24720,7
24721,5
24722,6
24723,5
24724,6
24725,7
24726,5
24727,5
24728,5
24729,6
24730,6
24731,5
24732,6
24733,6
24734,5
24735,5
24736,7
24737,7
24738,5
24739,5
24740,7
24741,5
24742,6
24743,5
24744,6
24745,6
24746,5
24747,6
24748,7
24749,5
24750,7
24751,5
24752,5
24753,7
24754,5
24755,5
24756,5
24757,5
24758,7
24759,5
24760,7
24761,5
24762,5
24763,5
24764,7
24765,6
24766,5
24767,5
24768,5
24769,7
24770,6
24771,5
24772,6
24773,5
24774,6
24775,7
24776,6
24777,5
24778,5
24779,5
24780,5
24781,7
24782,5
24783,6
24784,5
24785,7
24786,6
24787,5
24788,5
24789,6
24790,5
24791,6
24792,5
24793,5
24794,7
24795,6
24796,5
24797,7
24798,5
24799,5
24800,7
24801,7
24802,5
24803,7
24804,7
24805,5
24806,5
24807,6
24808,7
24809,5
24810,6
24811,5
24812,7
24813,5
24814,5
24815,7
24816,5
24817,5
24818,5
24819,7
24820,7
24821,5
24822,5
24823,7
24824,7
24825,5
24826,5
24827,5
24828,7
24829,5
24830,7
24831,5
24832,7
24833,5
24834,7
24835,5
24836,5
24837,5
24838,7
24839,7
24840,5
24841,6
24842,6
24843,5
24844,5
24845,5
24846,7
24847,5
24848,6
24849,5
24850,5
24851,5
24852,5
24853,6
24854,5
24855,5
24856,5
24857,7
24858,5
24859,5
24860,5
24861,5
24862,6
24863,5
24864,5
24865,5
24866,5
24867,7
24868,5
24869,7
24870,5
24871,7
24872,5
24873,5
24874,5
24875,5
24876,7
24877,6
24878,7
24879,5
24880,5
24881,7
24882,5
24883,5
24884,7
24885,5
24886,5
24887,5
24888,5
24889,6
24890,7
24891,5
24892,5
24893,5
24894,6
24895,6
24896,5
24897,5
24898,6
24899,5
24900,5
24901,5
24902,5
24903,7
24904,5
24905,5
24906,5
24907,5
24908,5
24909,6
24910,5
24911,6
24912,5
24913,5
24914,5
24915,7
24916,6
24917,7
24918,7
24919,5
24920,5
24921,5
24922,5
24923,7
24924,7
24925,6
24926,5
24927,5
24928,5
24929,5
24930,6
24931,6
24932,5
24933,6
24934,6
24935,5
24936,7
24937,5
24938,5
24939,7
24940,5
24941,5
24942,5
24943,5
24944,5
24945,6
24946,6
24947,6
24948,5
24949,6
24950,5
24951,5
24952,7
24953,5
24954,5
24955,7
24956,5
24957,6
24958,5
24959,5
24960,7
24961,5
24962,5
24963,6
24964,5
24965,6
24966,5
24967,6
24968,5
24969,5
24970,5
24971,5
24972,7
24973,5
24974,5
24975,5
24976,5
24977,7
24978,6
24979,5
24980,7
24981,5
24982,5
24983,5
24984,5
24985,5
24986,6
24987,6
24988,5
24989,5
24990,5
24991,5
24992,5
24993,5
24994,5
24995,5
24996,5
24997,5
24998,6
24999,7
